review_id,order_id,review_score,review_comment_title,review_comment_message,review_creation_date,review_answer_timestamp
rev_0,ord_0,2.0,N/A,N/A,2023-04-12,2023-04-14
rev_1,ord_1,5.0,N/A,N/A,2023-09-24,2023-09-26
rev_2,ord_2,4.0,N/A,N/A,2023-12-21,2023-12-23
rev_3,ord_3,1.0,N/A,N/A,2023-04-20,2023-04-22
rev_4,ord_4,3.0,N/A,N/A,2023-11-26,2023-11-28
rev_5,ord_5,5.0,N/A,N/A,2023-09-22,2023-09-24
rev_6,ord_6,5.0,N/A,N/A,2023-01-03,2023-01-05
rev_7,ord_7,4.0,N/A,N/A,2023-03-26,2023-03-28
rev_8,ord_8,1.0,N/A,N/A,2023-10-09,2023-10-11
rev_9,ord_9,2.0,N/A,N/A,2023-11-24,2023-11-26
rev_10,ord_10,5.0,N/A,N/A,2023-10-31,2023-11-02
rev_11,ord_11,5.0,N/A,N/A,2023-04-27,2023-04-29
rev_12,ord_12,5.0,N/A,N/A,2023-08-09,2023-08-11
rev_13,ord_13,5.0,N/A,N/A,2023-06-03,2023-06-05
rev_14,ord_14,4.0,N/A,N/A,2023-06-02,2023-06-04
rev_15,ord_15,1.0,N/A,N/A,2023-01-12,2023-01-14
rev_16,ord_16,5.0,N/A,N/A,2023-05-13,2023-05-15
rev_17,ord_17,2.0,N/A,N/A,2023-10-31,2023-11-02
rev_18,ord_18,2.0,N/A,N/A,2023-10-20,2023-10-22
rev_19,ord_19,3.0,N/A,N/A,2023-10-27,2023-10-29
rev_20,ord_20,5.0,N/A,N/A,2023-08-16,2023-08-18
rev_21,ord_21,5.0,N/A,N/A,2023-09-28,2023-09-30
rev_22,ord_22,5.0,N/A,N/A,2023-02-12,2023-02-14
rev_23,ord_23,5.0,N/A,N/A,2023-12-09,2023-12-11
rev_24,ord_24,5.0,N/A,N/A,2023-11-22,2023-11-24
rev_25,ord_25,2.0,N/A,N/A,2023-10-29,2023-10-31
rev_26,ord_26,1.0,N/A,N/A,2023-12-30,2024-01-01
rev_27,ord_27,1.0,N/A,N/A,2023-01-21,2023-01-23
rev_28,ord_28,3.0,N/A,N/A,2023-04-17,2023-04-19
rev_29,ord_29,2.0,N/A,N/A,2023-12-02,2023-12-04
rev_30,ord_30,5.0,N/A,N/A,2023-10-30,2023-11-01
rev_31,ord_31,1.0,N/A,N/A,2023-04-27,2023-04-29
rev_32,ord_32,4.0,N/A,N/A,2023-05-04,2023-05-06
rev_33,ord_33,4.0,N/A,N/A,2023-10-08,2023-10-10
rev_34,ord_34,4.0,N/A,N/A,2023-10-19,2023-10-21
rev_35,ord_35,5.0,N/A,N/A,2023-07-22,2023-07-24
rev_36,ord_36,5.0,N/A,N/A,2023-02-20,2023-02-22
rev_37,ord_37,3.0,N/A,N/A,2023-09-28,2023-09-30
rev_38,ord_38,3.0,N/A,N/A,2023-11-20,2023-11-22
rev_39,ord_39,3.0,N/A,N/A,2023-10-04,2023-10-06
rev_40,ord_40,4.0,N/A,N/A,2023-05-21,2023-05-23
rev_41,ord_41,5.0,N/A,N/A,2023-10-02,2023-10-04
rev_42,ord_42,4.0,N/A,N/A,2023-10-17,2023-10-19
rev_43,ord_43,3.0,N/A,N/A,2023-11-30,2023-12-02
rev_44,ord_44,5.0,N/A,N/A,2023-02-21,2023-02-23
rev_45,ord_45,2.0,N/A,N/A,2023-01-27,2023-01-29
rev_46,ord_46,1.0,N/A,N/A,2023-06-06,2023-06-08
rev_47,ord_47,1.0,N/A,N/A,2023-08-27,2023-08-29
rev_48,ord_48,3.0,N/A,N/A,2023-06-05,2023-06-07
rev_49,ord_49,4.0,N/A,N/A,2023-10-18,2023-10-20
rev_50,ord_50,2.0,N/A,N/A,2023-05-16,2023-05-18
rev_51,ord_51,5.0,N/A,N/A,2023-05-24,2023-05-26
rev_52,ord_52,4.0,N/A,N/A,2023-04-16,2023-04-18
rev_53,ord_53,3.0,N/A,N/A,2023-06-07,2023-06-09
rev_54,ord_54,4.0,N/A,N/A,2023-05-26,2023-05-28
rev_55,ord_55,3.0,N/A,N/A,2023-01-02,2023-01-04
rev_56,ord_56,1.0,N/A,N/A,2023-03-18,2023-03-20
rev_57,ord_57,1.0,N/A,N/A,2023-05-12,2023-05-14
rev_58,ord_58,4.0,N/A,N/A,2023-03-31,2023-04-02
rev_59,ord_59,2.0,N/A,N/A,2023-12-11,2023-12-13
rev_60,ord_60,5.0,N/A,N/A,2023-12-16,2023-12-18
rev_61,ord_61,3.0,N/A,N/A,2023-09-20,2023-09-22
rev_62,ord_62,5.0,N/A,N/A,2023-12-17,2023-12-19
rev_63,ord_63,1.0,N/A,N/A,2023-04-18,2023-04-20
rev_64,ord_64,2.0,N/A,N/A,2023-03-15,2023-03-17
rev_65,ord_65,2.0,N/A,N/A,2023-02-08,2023-02-10
rev_66,ord_66,5.0,N/A,N/A,2023-06-08,2023-06-10
rev_67,ord_67,1.0,N/A,N/A,2023-03-12,2023-03-14
rev_68,ord_68,5.0,N/A,N/A,2023-11-08,2023-11-10
rev_69,ord_69,4.0,N/A,N/A,2023-08-29,2023-08-31
rev_70,ord_70,2.0,N/A,N/A,2023-10-25,2023-10-27
rev_71,ord_71,2.0,N/A,N/A,2023-02-05,2023-02-07
rev_72,ord_72,4.0,N/A,N/A,2023-03-25,2023-03-27
rev_73,ord_73,1.0,N/A,N/A,2023-09-20,2023-09-22
rev_74,ord_74,2.0,N/A,N/A,2023-11-06,2023-11-08
rev_75,ord_75,3.0,N/A,N/A,2023-06-21,2023-06-23
rev_76,ord_76,3.0,N/A,N/A,2023-06-22,2023-06-24
rev_77,ord_77,1.0,N/A,N/A,2023-12-28,2023-12-30
rev_78,ord_78,4.0,N/A,N/A,2023-02-16,2023-02-18
rev_79,ord_79,5.0,N/A,N/A,2023-05-21,2023-05-23
rev_80,ord_80,1.0,N/A,N/A,2023-04-28,2023-04-30
rev_81,ord_81,5.0,N/A,N/A,2023-10-04,2023-10-06
rev_82,ord_82,1.0,N/A,N/A,2023-08-02,2023-08-04
rev_83,ord_83,3.0,N/A,N/A,2023-08-08,2023-08-10
rev_84,ord_84,4.0,N/A,N/A,2023-01-26,2023-01-28
rev_85,ord_85,3.0,N/A,N/A,2023-01-09,2023-01-11
rev_86,ord_86,4.0,N/A,N/A,2023-09-28,2023-09-30
rev_87,ord_87,5.0,N/A,N/A,2023-01-10,2023-01-12
rev_88,ord_88,1.0,N/A,N/A,2023-05-01,2023-05-03
rev_89,ord_89,2.0,N/A,N/A,2023-05-05,2023-05-07
rev_90,ord_90,2.0,N/A,N/A,2023-06-19,2023-06-21
rev_91,ord_91,4.0,N/A,N/A,2023-03-13,2023-03-15
rev_92,ord_92,4.0,N/A,N/A,2023-06-01,2023-06-03
rev_93,ord_93,3.0,N/A,N/A,2023-07-27,2023-07-29
rev_94,ord_94,2.0,N/A,N/A,2023-02-18,2023-02-20
rev_95,ord_95,3.0,N/A,N/A,2023-06-03,2023-06-05
rev_96,ord_96,5.0,N/A,N/A,2023-12-13,2023-12-15
rev_97,ord_97,2.0,N/A,N/A,2023-10-20,2023-10-22
rev_98,ord_98,5.0,N/A,N/A,2023-03-09,2023-03-11
rev_99,ord_99,1.0,N/A,N/A,2023-02-19,2023-02-21
rev_100,ord_100,3.0,N/A,N/A,2023-06-01,2023-06-03
rev_101,ord_101,4.0,N/A,N/A,2023-01-19,2023-01-21
rev_102,ord_102,2.0,N/A,N/A,2023-04-10,2023-04-12
rev_103,ord_103,3.0,N/A,N/A,2023-03-01,2023-03-03
rev_104,ord_104,4.0,N/A,N/A,2023-06-16,2023-06-18
rev_105,ord_105,1.0,N/A,N/A,2023-07-21,2023-07-23
rev_106,ord_106,2.0,N/A,N/A,2023-12-11,2023-12-13
rev_107,ord_107,5.0,N/A,N/A,2023-05-26,2023-05-28
rev_108,ord_108,1.0,N/A,N/A,2023-06-13,2023-06-15
rev_109,ord_109,4.0,N/A,N/A,2023-08-30,2023-09-01
rev_110,ord_110,2.0,N/A,N/A,2023-03-10,2023-03-12
rev_111,ord_111,2.0,N/A,N/A,2023-06-24,2023-06-26
rev_112,ord_112,1.0,N/A,N/A,2023-02-18,2023-02-20
rev_113,ord_113,2.0,N/A,N/A,2023-04-18,2023-04-20
rev_114,ord_114,4.0,N/A,N/A,2023-08-14,2023-08-16
rev_115,ord_115,1.0,N/A,N/A,2023-06-10,2023-06-12
rev_116,ord_116,5.0,N/A,N/A,2023-04-29,2023-05-01
rev_117,ord_117,1.0,N/A,N/A,2023-05-29,2023-05-31
rev_118,ord_118,1.0,N/A,N/A,2023-05-30,2023-06-01
rev_119,ord_119,5.0,N/A,N/A,2023-10-20,2023-10-22
rev_120,ord_120,4.0,N/A,N/A,2023-05-23,2023-05-25
rev_121,ord_121,3.0,N/A,N/A,2023-06-09,2023-06-11
rev_122,ord_122,3.0,N/A,N/A,2023-01-11,2023-01-13
rev_123,ord_123,5.0,N/A,N/A,2023-05-18,2023-05-20
rev_124,ord_124,4.0,N/A,N/A,2023-03-19,2023-03-21
rev_125,ord_125,2.0,N/A,N/A,2023-03-18,2023-03-20
rev_126,ord_126,5.0,N/A,N/A,2023-09-11,2023-09-13
rev_127,ord_127,3.0,N/A,N/A,2023-09-15,2023-09-17
rev_128,ord_128,4.0,N/A,N/A,2023-11-16,2023-11-18
rev_129,ord_129,1.0,N/A,N/A,2023-10-18,2023-10-20
rev_130,ord_130,4.0,N/A,N/A,2023-09-20,2023-09-22
rev_131,ord_131,4.0,N/A,N/A,2023-03-26,2023-03-28
rev_132,ord_132,3.0,N/A,N/A,2023-05-26,2023-05-28
rev_133,ord_133,3.0,N/A,N/A,2023-11-19,2023-11-21
rev_134,ord_134,2.0,N/A,N/A,2023-02-11,2023-02-13
rev_135,ord_135,2.0,N/A,N/A,2023-05-05,2023-05-07
rev_136,ord_136,5.0,N/A,N/A,2023-06-16,2023-06-18
rev_137,ord_137,1.0,N/A,N/A,2023-08-29,2023-08-31
rev_138,ord_138,2.0,N/A,N/A,2023-10-07,2023-10-09
rev_139,ord_139,3.0,N/A,N/A,2023-07-07,2023-07-09
rev_140,ord_140,4.0,N/A,N/A,2023-10-29,2023-10-31
rev_141,ord_141,5.0,N/A,N/A,2023-01-19,2023-01-21
rev_142,ord_142,2.0,N/A,N/A,2023-03-09,2023-03-11
rev_143,ord_143,4.0,N/A,N/A,2023-08-06,2023-08-08
rev_144,ord_144,4.0,N/A,N/A,2023-04-12,2023-04-14
rev_145,ord_145,2.0,N/A,N/A,2023-02-11,2023-02-13
rev_146,ord_146,1.0,N/A,N/A,2023-10-15,2023-10-17
rev_147,ord_147,1.0,N/A,N/A,2023-06-16,2023-06-18
rev_148,ord_148,5.0,N/A,N/A,2023-04-19,2023-04-21
rev_149,ord_149,1.0,N/A,N/A,2023-02-05,2023-02-07
rev_150,ord_150,5.0,N/A,N/A,2023-08-20,2023-08-22
rev_151,ord_151,3.0,N/A,N/A,2023-08-17,2023-08-19
rev_152,ord_152,2.0,N/A,N/A,2023-12-19,2023-12-21
rev_153,ord_153,4.0,N/A,N/A,2023-06-13,2023-06-15
rev_154,ord_154,5.0,N/A,N/A,2023-03-14,2023-03-16
rev_155,ord_155,1.0,N/A,N/A,2023-05-16,2023-05-18
rev_156,ord_156,5.0,N/A,N/A,2023-12-19,2023-12-21
rev_157,ord_157,5.0,N/A,N/A,2023-03-11,2023-03-13
rev_158,ord_158,1.0,N/A,N/A,2023-07-15,2023-07-17
rev_159,ord_159,1.0,N/A,N/A,2023-09-26,2023-09-28
rev_160,ord_160,2.0,N/A,N/A,2023-02-18,2023-02-20
rev_161,ord_161,4.0,N/A,N/A,2023-11-12,2023-11-14
rev_162,ord_162,2.0,N/A,N/A,2023-05-10,2023-05-12
rev_163,ord_163,2.0,N/A,N/A,2023-01-05,2023-01-07
rev_164,ord_164,1.0,N/A,N/A,2023-01-27,2023-01-29
rev_165,ord_165,1.0,N/A,N/A,2023-06-09,2023-06-11
rev_166,ord_166,4.0,N/A,N/A,2023-05-29,2023-05-31
rev_167,ord_167,5.0,N/A,N/A,2023-09-21,2023-09-23
rev_168,ord_168,2.0,N/A,N/A,2023-08-18,2023-08-20
rev_169,ord_169,4.0,N/A,N/A,2023-07-19,2023-07-21
rev_170,ord_170,2.0,N/A,N/A,2023-02-19,2023-02-21
rev_171,ord_171,5.0,N/A,N/A,2023-03-08,2023-03-10
rev_172,ord_172,2.0,N/A,N/A,2023-10-27,2023-10-29
rev_173,ord_173,3.0,N/A,N/A,2023-02-27,2023-03-01
rev_174,ord_174,4.0,N/A,N/A,2023-09-16,2023-09-18
rev_175,ord_175,1.0,N/A,N/A,2023-12-08,2023-12-10
rev_176,ord_176,2.0,N/A,N/A,2023-11-22,2023-11-24
rev_177,ord_177,4.0,N/A,N/A,2023-05-10,2023-05-12
rev_178,ord_178,4.0,N/A,N/A,2023-08-03,2023-08-05
rev_179,ord_179,2.0,N/A,N/A,2023-06-21,2023-06-23
rev_180,ord_180,1.0,N/A,N/A,2023-09-15,2023-09-17
rev_181,ord_181,1.0,N/A,N/A,2023-04-12,2023-04-14
rev_182,ord_182,2.0,N/A,N/A,2023-07-28,2023-07-30
rev_183,ord_183,4.0,N/A,N/A,2023-10-18,2023-10-20
rev_184,ord_184,1.0,N/A,N/A,2023-12-20,2023-12-22
rev_185,ord_185,2.0,N/A,N/A,2023-10-13,2023-10-15
rev_186,ord_186,2.0,N/A,N/A,2023-04-26,2023-04-28
rev_187,ord_187,2.0,N/A,N/A,2023-09-21,2023-09-23
rev_188,ord_188,4.0,N/A,N/A,2023-05-30,2023-06-01
rev_189,ord_189,1.0,N/A,N/A,2023-10-27,2023-10-29
rev_190,ord_190,4.0,N/A,N/A,2023-02-05,2023-02-07
rev_191,ord_191,3.0,N/A,N/A,2023-11-29,2023-12-01
rev_192,ord_192,1.0,N/A,N/A,2023-10-14,2023-10-16
rev_193,ord_193,4.0,N/A,N/A,2023-10-30,2023-11-01
rev_194,ord_194,1.0,N/A,N/A,2023-11-07,2023-11-09
rev_195,ord_195,3.0,N/A,N/A,2023-07-27,2023-07-29
rev_196,ord_196,5.0,N/A,N/A,2023-04-16,2023-04-18
rev_197,ord_197,2.0,N/A,N/A,2023-06-07,2023-06-09
rev_198,ord_198,4.0,N/A,N/A,2023-05-01,2023-05-03
rev_199,ord_199,3.0,N/A,N/A,2023-02-24,2023-02-26
rev_200,ord_200,3.0,N/A,N/A,2023-01-12,2023-01-14
rev_201,ord_201,1.0,N/A,N/A,2023-05-25,2023-05-27
rev_202,ord_202,1.0,N/A,N/A,2023-05-16,2023-05-18
rev_203,ord_203,2.0,N/A,N/A,2023-01-03,2023-01-05
rev_204,ord_204,1.0,N/A,N/A,2023-05-24,2023-05-26
rev_205,ord_205,4.0,N/A,N/A,2023-01-30,2023-02-01
rev_206,ord_206,4.0,N/A,N/A,2023-08-25,2023-08-27
rev_207,ord_207,4.0,N/A,N/A,2023-10-06,2023-10-08
rev_208,ord_208,5.0,N/A,N/A,2023-12-14,2023-12-16
rev_209,ord_209,4.0,N/A,N/A,2023-04-25,2023-04-27
rev_210,ord_210,1.0,N/A,N/A,2023-04-14,2023-04-16
rev_211,ord_211,1.0,N/A,N/A,2023-04-28,2023-04-30
rev_212,ord_212,4.0,N/A,N/A,2023-01-05,2023-01-07
rev_213,ord_213,3.0,N/A,N/A,2023-12-26,2023-12-28
rev_214,ord_214,3.0,N/A,N/A,2023-09-05,2023-09-07
rev_215,ord_215,3.0,N/A,N/A,2023-12-30,2024-01-01
rev_216,ord_216,2.0,N/A,N/A,2023-11-17,2023-11-19
rev_217,ord_217,5.0,N/A,N/A,2023-05-01,2023-05-03
rev_218,ord_218,4.0,N/A,N/A,2023-10-13,2023-10-15
rev_219,ord_219,2.0,N/A,N/A,2023-05-29,2023-05-31
rev_220,ord_220,3.0,N/A,N/A,2023-03-25,2023-03-27
rev_221,ord_221,4.0,N/A,N/A,2023-08-19,2023-08-21
rev_222,ord_222,2.0,N/A,N/A,2023-10-15,2023-10-17
rev_223,ord_223,1.0,N/A,N/A,2023-06-10,2023-06-12
rev_224,ord_224,3.0,N/A,N/A,2023-09-29,2023-10-01
rev_225,ord_225,2.0,N/A,N/A,2023-02-07,2023-02-09
rev_226,ord_226,1.0,N/A,N/A,2023-08-14,2023-08-16
rev_227,ord_227,3.0,N/A,N/A,2023-05-22,2023-05-24
rev_228,ord_228,5.0,N/A,N/A,2023-10-19,2023-10-21
rev_229,ord_229,3.0,N/A,N/A,2023-05-31,2023-06-02
rev_230,ord_230,5.0,N/A,N/A,2023-04-24,2023-04-26
rev_231,ord_231,5.0,N/A,N/A,2023-08-25,2023-08-27
rev_232,ord_232,5.0,N/A,N/A,2023-03-07,2023-03-09
rev_233,ord_233,4.0,N/A,N/A,2023-12-27,2023-12-29
rev_234,ord_234,4.0,N/A,N/A,2023-12-07,2023-12-09
rev_235,ord_235,5.0,N/A,N/A,2023-09-15,2023-09-17
rev_236,ord_236,1.0,N/A,N/A,2023-09-06,2023-09-08
rev_237,ord_237,5.0,N/A,N/A,2023-11-27,2023-11-29
rev_238,ord_238,2.0,N/A,N/A,2023-11-19,2023-11-21
rev_239,ord_239,5.0,N/A,N/A,2023-06-29,2023-07-01
rev_240,ord_240,4.0,N/A,N/A,2023-07-09,2023-07-11
rev_241,ord_241,4.0,N/A,N/A,2023-06-03,2023-06-05
rev_242,ord_242,2.0,N/A,N/A,2023-07-15,2023-07-17
rev_243,ord_243,2.0,N/A,N/A,2023-11-07,2023-11-09
rev_244,ord_244,3.0,N/A,N/A,2023-09-19,2023-09-21
rev_245,ord_245,1.0,N/A,N/A,2023-05-23,2023-05-25
rev_246,ord_246,1.0,N/A,N/A,2023-12-08,2023-12-10
rev_247,ord_247,1.0,N/A,N/A,2023-11-12,2023-11-14
rev_248,ord_248,4.0,N/A,N/A,2023-04-11,2023-04-13
rev_249,ord_249,1.0,N/A,N/A,2023-09-01,2023-09-03
rev_250,ord_250,3.0,N/A,N/A,2023-01-12,2023-01-14
rev_251,ord_251,3.0,N/A,N/A,2023-08-27,2023-08-29
rev_252,ord_252,1.0,N/A,N/A,2023-02-18,2023-02-20
rev_253,ord_253,2.0,N/A,N/A,2023-02-11,2023-02-13
rev_254,ord_254,3.0,N/A,N/A,2023-06-15,2023-06-17
rev_255,ord_255,2.0,N/A,N/A,2023-03-23,2023-03-25
rev_256,ord_256,4.0,N/A,N/A,2023-10-18,2023-10-20
rev_257,ord_257,3.0,N/A,N/A,2023-06-07,2023-06-09
rev_258,ord_258,2.0,N/A,N/A,2023-08-04,2023-08-06
rev_259,ord_259,1.0,N/A,N/A,2023-06-07,2023-06-09
rev_260,ord_260,4.0,N/A,N/A,2023-05-14,2023-05-16
rev_261,ord_261,5.0,N/A,N/A,2023-03-08,2023-03-10
rev_262,ord_262,5.0,N/A,N/A,2023-12-02,2023-12-04
rev_263,ord_263,1.0,N/A,N/A,2023-01-07,2023-01-09
rev_264,ord_264,4.0,N/A,N/A,2023-01-14,2023-01-16
rev_265,ord_265,4.0,N/A,N/A,2023-03-14,2023-03-16
rev_266,ord_266,4.0,N/A,N/A,2023-06-12,2023-06-14
rev_267,ord_267,4.0,N/A,N/A,2023-03-07,2023-03-09
rev_268,ord_268,5.0,N/A,N/A,2023-12-13,2023-12-15
rev_269,ord_269,2.0,N/A,N/A,2023-05-10,2023-05-12
rev_270,ord_270,4.0,N/A,N/A,2023-07-25,2023-07-27
rev_271,ord_271,2.0,N/A,N/A,2023-10-03,2023-10-05
rev_272,ord_272,4.0,N/A,N/A,2023-09-13,2023-09-15
rev_273,ord_273,3.0,N/A,N/A,2023-09-23,2023-09-25
rev_274,ord_274,3.0,N/A,N/A,2023-01-25,2023-01-27
rev_275,ord_275,3.0,N/A,N/A,2023-10-08,2023-10-10
rev_276,ord_276,4.0,N/A,N/A,2023-09-10,2023-09-12
rev_277,ord_277,2.0,N/A,N/A,2023-11-06,2023-11-08
rev_278,ord_278,5.0,N/A,N/A,2023-10-16,2023-10-18
rev_279,ord_279,1.0,N/A,N/A,2023-06-13,2023-06-15
rev_280,ord_280,5.0,N/A,N/A,2023-04-05,2023-04-07
rev_281,ord_281,4.0,N/A,N/A,2023-09-27,2023-09-29
rev_282,ord_282,3.0,N/A,N/A,2023-11-17,2023-11-19
rev_283,ord_283,3.0,N/A,N/A,2023-04-20,2023-04-22
rev_284,ord_284,2.0,N/A,N/A,2023-12-02,2023-12-04
rev_285,ord_285,4.0,N/A,N/A,2023-11-06,2023-11-08
rev_286,ord_286,5.0,N/A,N/A,2023-08-26,2023-08-28
rev_287,ord_287,4.0,N/A,N/A,2023-01-25,2023-01-27
rev_288,ord_288,4.0,N/A,N/A,2023-05-21,2023-05-23
rev_289,ord_289,3.0,N/A,N/A,2023-04-27,2023-04-29
rev_290,ord_290,5.0,N/A,N/A,2023-01-25,2023-01-27
rev_291,ord_291,1.0,N/A,N/A,2023-03-20,2023-03-22
rev_292,ord_292,3.0,N/A,N/A,2023-03-09,2023-03-11
rev_293,ord_293,5.0,N/A,N/A,2023-06-22,2023-06-24
rev_294,ord_294,2.0,N/A,N/A,2023-01-12,2023-01-14
rev_295,ord_295,3.0,N/A,N/A,2023-10-15,2023-10-17
rev_296,ord_296,2.0,N/A,N/A,2023-05-08,2023-05-10
rev_297,ord_297,3.0,N/A,N/A,2023-04-06,2023-04-08
rev_298,ord_298,4.0,N/A,N/A,2023-04-02,2023-04-04
rev_299,ord_299,5.0,N/A,N/A,2023-05-21,2023-05-23
rev_300,ord_300,2.0,N/A,N/A,2023-01-31,2023-02-02
rev_301,ord_301,3.0,N/A,N/A,2023-11-30,2023-12-02
rev_302,ord_302,2.0,N/A,N/A,2023-01-20,2023-01-22
rev_303,ord_303,3.0,N/A,N/A,2023-05-26,2023-05-28
rev_304,ord_304,3.0,N/A,N/A,2023-11-12,2023-11-14
rev_305,ord_305,1.0,N/A,N/A,2023-06-09,2023-06-11
rev_306,ord_306,1.0,N/A,N/A,2023-12-15,2023-12-17
rev_307,ord_307,1.0,N/A,N/A,2023-02-12,2023-02-14
rev_308,ord_308,2.0,N/A,N/A,2023-09-11,2023-09-13
rev_309,ord_309,4.0,N/A,N/A,2023-05-10,2023-05-12
rev_310,ord_310,3.0,N/A,N/A,2023-03-01,2023-03-03
rev_311,ord_311,5.0,N/A,N/A,2023-05-31,2023-06-02
rev_312,ord_312,1.0,N/A,N/A,2023-10-14,2023-10-16
rev_313,ord_313,2.0,N/A,N/A,2023-01-05,2023-01-07
rev_314,ord_314,2.0,N/A,N/A,2023-09-23,2023-09-25
rev_315,ord_315,2.0,N/A,N/A,2023-12-11,2023-12-13
rev_316,ord_316,5.0,N/A,N/A,2023-05-10,2023-05-12
rev_317,ord_317,5.0,N/A,N/A,2023-09-24,2023-09-26
rev_318,ord_318,1.0,N/A,N/A,2023-06-27,2023-06-29
rev_319,ord_319,5.0,N/A,N/A,2023-09-10,2023-09-12
rev_320,ord_320,1.0,N/A,N/A,2023-02-25,2023-02-27
rev_321,ord_321,5.0,N/A,N/A,2023-03-24,2023-03-26
rev_322,ord_322,5.0,N/A,N/A,2023-04-09,2023-04-11
rev_323,ord_323,5.0,N/A,N/A,2023-05-29,2023-05-31
rev_324,ord_324,1.0,N/A,N/A,2023-11-25,2023-11-27
rev_325,ord_325,3.0,N/A,N/A,2023-06-05,2023-06-07
rev_326,ord_326,1.0,N/A,N/A,2023-07-09,2023-07-11
rev_327,ord_327,3.0,N/A,N/A,2023-09-20,2023-09-22
rev_328,ord_328,2.0,N/A,N/A,2023-03-21,2023-03-23
rev_329,ord_329,2.0,N/A,N/A,2023-09-09,2023-09-11
rev_330,ord_330,1.0,N/A,N/A,2023-04-07,2023-04-09
rev_331,ord_331,3.0,N/A,N/A,2023-09-17,2023-09-19
rev_332,ord_332,3.0,N/A,N/A,2023-09-17,2023-09-19
rev_333,ord_333,3.0,N/A,N/A,2023-04-13,2023-04-15
rev_334,ord_334,2.0,N/A,N/A,2023-02-09,2023-02-11
rev_335,ord_335,1.0,N/A,N/A,2023-09-30,2023-10-02
rev_336,ord_336,4.0,N/A,N/A,2023-04-11,2023-04-13
rev_337,ord_337,3.0,N/A,N/A,2023-12-25,2023-12-27
rev_338,ord_338,3.0,N/A,N/A,2023-11-04,2023-11-06
rev_339,ord_339,4.0,N/A,N/A,2023-08-09,2023-08-11
rev_340,ord_340,1.0,N/A,N/A,2023-11-04,2023-11-06
rev_341,ord_341,3.0,N/A,N/A,2023-05-04,2023-05-06
rev_342,ord_342,1.0,N/A,N/A,2023-08-19,2023-08-21
rev_343,ord_343,3.0,N/A,N/A,2023-06-27,2023-06-29
rev_344,ord_344,5.0,N/A,N/A,2023-03-04,2023-03-06
rev_345,ord_345,3.0,N/A,N/A,2023-04-26,2023-04-28
rev_346,ord_346,5.0,N/A,N/A,2023-07-10,2023-07-12
rev_347,ord_347,1.0,N/A,N/A,2023-03-03,2023-03-05
rev_348,ord_348,3.0,N/A,N/A,2023-09-13,2023-09-15
rev_349,ord_349,2.0,N/A,N/A,2023-01-07,2023-01-09
rev_350,ord_350,2.0,N/A,N/A,2023-06-04,2023-06-06
rev_351,ord_351,4.0,N/A,N/A,2023-04-02,2023-04-04
rev_352,ord_352,2.0,N/A,N/A,2023-01-14,2023-01-16
rev_353,ord_353,5.0,N/A,N/A,2023-08-17,2023-08-19
rev_354,ord_354,2.0,N/A,N/A,2023-03-27,2023-03-29
rev_355,ord_355,2.0,N/A,N/A,2023-05-13,2023-05-15
rev_356,ord_356,2.0,N/A,N/A,2023-07-02,2023-07-04
rev_357,ord_357,3.0,N/A,N/A,2023-03-03,2023-03-05
rev_358,ord_358,4.0,N/A,N/A,2023-08-07,2023-08-09
rev_359,ord_359,1.0,N/A,N/A,2023-09-03,2023-09-05
rev_360,ord_360,4.0,N/A,N/A,2023-08-18,2023-08-20
rev_361,ord_361,5.0,N/A,N/A,2023-03-20,2023-03-22
rev_362,ord_362,3.0,N/A,N/A,2023-05-29,2023-05-31
rev_363,ord_363,3.0,N/A,N/A,2023-05-18,2023-05-20
rev_364,ord_364,2.0,N/A,N/A,2023-11-10,2023-11-12
rev_365,ord_365,2.0,N/A,N/A,2023-03-06,2023-03-08
rev_366,ord_366,5.0,N/A,N/A,2023-01-13,2023-01-15
rev_367,ord_367,3.0,N/A,N/A,2023-08-01,2023-08-03
rev_368,ord_368,1.0,N/A,N/A,2023-08-30,2023-09-01
rev_369,ord_369,4.0,N/A,N/A,2023-08-01,2023-08-03
rev_370,ord_370,3.0,N/A,N/A,2023-06-30,2023-07-02
rev_371,ord_371,1.0,N/A,N/A,2023-12-04,2023-12-06
rev_372,ord_372,1.0,N/A,N/A,2023-06-22,2023-06-24
rev_373,ord_373,4.0,N/A,N/A,2023-06-09,2023-06-11
rev_374,ord_374,1.0,N/A,N/A,2023-06-13,2023-06-15
rev_375,ord_375,5.0,N/A,N/A,2023-07-07,2023-07-09
rev_376,ord_376,1.0,N/A,N/A,2023-07-10,2023-07-12
rev_377,ord_377,5.0,N/A,N/A,2023-11-04,2023-11-06
rev_378,ord_378,1.0,N/A,N/A,2023-09-13,2023-09-15
rev_379,ord_379,2.0,N/A,N/A,2023-07-02,2023-07-04
rev_380,ord_380,1.0,N/A,N/A,2023-04-27,2023-04-29
rev_381,ord_381,5.0,N/A,N/A,2023-10-09,2023-10-11
rev_382,ord_382,1.0,N/A,N/A,2023-07-15,2023-07-17
rev_383,ord_383,1.0,N/A,N/A,2023-02-03,2023-02-05
rev_384,ord_384,1.0,N/A,N/A,2023-02-21,2023-02-23
rev_385,ord_385,5.0,N/A,N/A,2023-04-22,2023-04-24
rev_386,ord_386,1.0,N/A,N/A,2023-09-09,2023-09-11
rev_387,ord_387,4.0,N/A,N/A,2023-03-23,2023-03-25
rev_388,ord_388,4.0,N/A,N/A,2023-08-20,2023-08-22
rev_389,ord_389,5.0,N/A,N/A,2023-08-15,2023-08-17
rev_390,ord_390,2.0,N/A,N/A,2023-08-21,2023-08-23
rev_391,ord_391,4.0,N/A,N/A,2023-08-09,2023-08-11
rev_392,ord_392,3.0,N/A,N/A,2023-02-11,2023-02-13
rev_393,ord_393,4.0,N/A,N/A,2023-01-21,2023-01-23
rev_394,ord_394,3.0,N/A,N/A,2023-02-11,2023-02-13
rev_395,ord_395,5.0,N/A,N/A,2023-04-23,2023-04-25
rev_396,ord_396,2.0,N/A,N/A,2023-04-15,2023-04-17
rev_397,ord_397,3.0,N/A,N/A,2023-07-11,2023-07-13
rev_398,ord_398,3.0,N/A,N/A,2023-01-17,2023-01-19
rev_399,ord_399,4.0,N/A,N/A,2023-04-30,2023-05-02
rev_400,ord_400,3.0,N/A,N/A,2023-05-09,2023-05-11
rev_401,ord_401,5.0,N/A,N/A,2023-05-10,2023-05-12
rev_402,ord_402,5.0,N/A,N/A,2023-03-01,2023-03-03
rev_403,ord_403,5.0,N/A,N/A,2023-02-17,2023-02-19
rev_404,ord_404,4.0,N/A,N/A,2023-01-29,2023-01-31
rev_405,ord_405,2.0,N/A,N/A,2023-04-07,2023-04-09
rev_406,ord_406,4.0,N/A,N/A,2023-01-10,2023-01-12
rev_407,ord_407,5.0,N/A,N/A,2023-08-30,2023-09-01
rev_408,ord_408,4.0,N/A,N/A,2023-11-10,2023-11-12
rev_409,ord_409,5.0,N/A,N/A,2023-08-20,2023-08-22
rev_410,ord_410,1.0,N/A,N/A,2023-10-04,2023-10-06
rev_411,ord_411,1.0,N/A,N/A,2023-10-11,2023-10-13
rev_412,ord_412,3.0,N/A,N/A,2023-07-22,2023-07-24
rev_413,ord_413,2.0,N/A,N/A,2023-09-04,2023-09-06
rev_414,ord_414,1.0,N/A,N/A,2023-10-17,2023-10-19
rev_415,ord_415,5.0,N/A,N/A,2023-09-21,2023-09-23
rev_416,ord_416,4.0,N/A,N/A,2023-08-02,2023-08-04
rev_417,ord_417,4.0,N/A,N/A,2023-07-19,2023-07-21
rev_418,ord_418,3.0,N/A,N/A,2023-03-20,2023-03-22
rev_419,ord_419,4.0,N/A,N/A,2023-12-09,2023-12-11
rev_420,ord_420,1.0,N/A,N/A,2023-12-10,2023-12-12
rev_421,ord_421,4.0,N/A,N/A,2023-06-22,2023-06-24
rev_422,ord_422,1.0,N/A,N/A,2023-03-10,2023-03-12
rev_423,ord_423,1.0,N/A,N/A,2023-03-28,2023-03-30
rev_424,ord_424,2.0,N/A,N/A,2023-04-11,2023-04-13
rev_425,ord_425,3.0,N/A,N/A,2023-01-08,2023-01-10
rev_426,ord_426,5.0,N/A,N/A,2023-11-29,2023-12-01
rev_427,ord_427,1.0,N/A,N/A,2023-07-19,2023-07-21
rev_428,ord_428,3.0,N/A,N/A,2023-03-28,2023-03-30
rev_429,ord_429,5.0,N/A,N/A,2023-02-12,2023-02-14
rev_430,ord_430,4.0,N/A,N/A,2023-04-19,2023-04-21
rev_431,ord_431,3.0,N/A,N/A,2023-06-01,2023-06-03
rev_432,ord_432,3.0,N/A,N/A,2023-01-17,2023-01-19
rev_433,ord_433,3.0,N/A,N/A,2023-05-13,2023-05-15
rev_434,ord_434,4.0,N/A,N/A,2023-05-28,2023-05-30
rev_435,ord_435,4.0,N/A,N/A,2023-10-04,2023-10-06
rev_436,ord_436,3.0,N/A,N/A,2023-08-20,2023-08-22
rev_437,ord_437,2.0,N/A,N/A,2023-11-10,2023-11-12
rev_438,ord_438,1.0,N/A,N/A,2023-08-16,2023-08-18
rev_439,ord_439,4.0,N/A,N/A,2023-05-19,2023-05-21
rev_440,ord_440,2.0,N/A,N/A,2023-07-30,2023-08-01
rev_441,ord_441,4.0,N/A,N/A,2023-01-28,2023-01-30
rev_442,ord_442,3.0,N/A,N/A,2023-02-20,2023-02-22
rev_443,ord_443,2.0,N/A,N/A,2023-09-18,2023-09-20
rev_444,ord_444,5.0,N/A,N/A,2023-09-18,2023-09-20
rev_445,ord_445,1.0,N/A,N/A,2023-12-16,2023-12-18
rev_446,ord_446,1.0,N/A,N/A,2023-12-18,2023-12-20
rev_447,ord_447,4.0,N/A,N/A,2023-01-08,2023-01-10
rev_448,ord_448,1.0,N/A,N/A,2023-11-16,2023-11-18
rev_449,ord_449,5.0,N/A,N/A,2023-05-18,2023-05-20
rev_450,ord_450,2.0,N/A,N/A,2023-02-07,2023-02-09
rev_451,ord_451,2.0,N/A,N/A,2023-04-21,2023-04-23
rev_452,ord_452,3.0,N/A,N/A,2023-08-08,2023-08-10
rev_453,ord_453,2.0,N/A,N/A,2023-12-03,2023-12-05
rev_454,ord_454,4.0,N/A,N/A,2023-08-11,2023-08-13
rev_455,ord_455,5.0,N/A,N/A,2023-05-16,2023-05-18
rev_456,ord_456,3.0,N/A,N/A,2023-09-13,2023-09-15
rev_457,ord_457,4.0,N/A,N/A,2023-12-26,2023-12-28
rev_458,ord_458,4.0,N/A,N/A,2023-11-25,2023-11-27
rev_459,ord_459,4.0,N/A,N/A,2023-02-18,2023-02-20
rev_460,ord_460,1.0,N/A,N/A,2023-10-19,2023-10-21
rev_461,ord_461,4.0,N/A,N/A,2023-11-20,2023-11-22
rev_462,ord_462,1.0,N/A,N/A,2023-03-19,2023-03-21
rev_463,ord_463,2.0,N/A,N/A,2023-04-15,2023-04-17
rev_464,ord_464,1.0,N/A,N/A,2023-06-18,2023-06-20
rev_465,ord_465,4.0,N/A,N/A,2023-08-05,2023-08-07
rev_466,ord_466,5.0,N/A,N/A,2023-04-29,2023-05-01
rev_467,ord_467,5.0,N/A,N/A,2023-07-09,2023-07-11
rev_468,ord_468,2.0,N/A,N/A,2023-09-12,2023-09-14
rev_469,ord_469,4.0,N/A,N/A,2023-09-23,2023-09-25
rev_470,ord_470,1.0,N/A,N/A,2023-05-29,2023-05-31
rev_471,ord_471,5.0,N/A,N/A,2023-06-13,2023-06-15
rev_472,ord_472,3.0,N/A,N/A,2023-05-20,2023-05-22
rev_473,ord_473,4.0,N/A,N/A,2023-12-13,2023-12-15
rev_474,ord_474,4.0,N/A,N/A,2023-09-15,2023-09-17
rev_475,ord_475,3.0,N/A,N/A,2023-09-26,2023-09-28
rev_476,ord_476,5.0,N/A,N/A,2023-06-30,2023-07-02
rev_477,ord_477,3.0,N/A,N/A,2023-06-09,2023-06-11
rev_478,ord_478,2.0,N/A,N/A,2023-12-17,2023-12-19
rev_479,ord_479,1.0,N/A,N/A,2023-10-15,2023-10-17
rev_480,ord_480,1.0,N/A,N/A,2023-10-15,2023-10-17
rev_481,ord_481,5.0,N/A,N/A,2023-08-14,2023-08-16
rev_482,ord_482,3.0,N/A,N/A,2023-01-11,2023-01-13
rev_483,ord_483,4.0,N/A,N/A,2023-01-10,2023-01-12
rev_484,ord_484,4.0,N/A,N/A,2023-09-28,2023-09-30
rev_485,ord_485,4.0,N/A,N/A,2023-09-30,2023-10-02
rev_486,ord_486,2.0,N/A,N/A,2023-07-02,2023-07-04
rev_487,ord_487,2.0,N/A,N/A,2023-06-02,2023-06-04
rev_488,ord_488,4.0,N/A,N/A,2023-11-11,2023-11-13
rev_489,ord_489,5.0,N/A,N/A,2023-11-30,2023-12-02
rev_490,ord_490,2.0,N/A,N/A,2023-05-04,2023-05-06
rev_491,ord_491,2.0,N/A,N/A,2023-04-24,2023-04-26
rev_492,ord_492,1.0,N/A,N/A,2023-10-05,2023-10-07
rev_493,ord_493,1.0,N/A,N/A,2023-08-01,2023-08-03
rev_494,ord_494,5.0,N/A,N/A,2023-06-21,2023-06-23
rev_495,ord_495,2.0,N/A,N/A,2023-10-15,2023-10-17
rev_496,ord_496,2.0,N/A,N/A,2023-06-23,2023-06-25
rev_497,ord_497,3.0,N/A,N/A,2023-04-23,2023-04-25
rev_498,ord_498,5.0,N/A,N/A,2023-05-02,2023-05-04
rev_499,ord_499,5.0,N/A,N/A,2023-02-01,2023-02-03
rev_500,ord_500,3.0,N/A,N/A,2023-08-10,2023-08-12
rev_501,ord_501,3.0,N/A,N/A,2023-04-29,2023-05-01
rev_502,ord_502,1.0,N/A,N/A,2023-02-08,2023-02-10
rev_503,ord_503,5.0,N/A,N/A,2023-09-25,2023-09-27
rev_504,ord_504,5.0,N/A,N/A,2023-08-21,2023-08-23
rev_505,ord_505,3.0,N/A,N/A,2023-01-18,2023-01-20
rev_506,ord_506,4.0,N/A,N/A,2023-05-29,2023-05-31
rev_507,ord_507,4.0,N/A,N/A,2023-05-29,2023-05-31
rev_508,ord_508,1.0,N/A,N/A,2023-05-06,2023-05-08
rev_509,ord_509,4.0,N/A,N/A,2023-10-29,2023-10-31
rev_510,ord_510,4.0,N/A,N/A,2023-12-26,2023-12-28
rev_511,ord_511,4.0,N/A,N/A,2023-08-26,2023-08-28
rev_512,ord_512,2.0,N/A,N/A,2023-05-15,2023-05-17
rev_513,ord_513,1.0,N/A,N/A,2023-05-31,2023-06-02
rev_514,ord_514,3.0,N/A,N/A,2023-08-24,2023-08-26
rev_515,ord_515,4.0,N/A,N/A,2023-08-12,2023-08-14
rev_516,ord_516,2.0,N/A,N/A,2023-07-22,2023-07-24
rev_517,ord_517,4.0,N/A,N/A,2023-09-13,2023-09-15
rev_518,ord_518,2.0,N/A,N/A,2023-03-27,2023-03-29
rev_519,ord_519,1.0,N/A,N/A,2023-05-30,2023-06-01
rev_520,ord_520,4.0,N/A,N/A,2023-08-23,2023-08-25
rev_521,ord_521,2.0,N/A,N/A,2023-12-11,2023-12-13
rev_522,ord_522,5.0,N/A,N/A,2023-01-22,2023-01-24
rev_523,ord_523,5.0,N/A,N/A,2023-12-14,2023-12-16
rev_524,ord_524,2.0,N/A,N/A,2023-10-12,2023-10-14
rev_525,ord_525,4.0,N/A,N/A,2023-09-26,2023-09-28
rev_526,ord_526,4.0,N/A,N/A,2023-09-15,2023-09-17
rev_527,ord_527,1.0,N/A,N/A,2023-01-29,2023-01-31
rev_528,ord_528,1.0,N/A,N/A,2023-08-01,2023-08-03
rev_529,ord_529,3.0,N/A,N/A,2023-10-10,2023-10-12
rev_530,ord_530,1.0,N/A,N/A,2023-02-19,2023-02-21
rev_531,ord_531,4.0,N/A,N/A,2023-04-05,2023-04-07
rev_532,ord_532,3.0,N/A,N/A,2023-03-29,2023-03-31
rev_533,ord_533,1.0,N/A,N/A,2023-02-13,2023-02-15
rev_534,ord_534,2.0,N/A,N/A,2023-10-05,2023-10-07
rev_535,ord_535,5.0,N/A,N/A,2023-06-20,2023-06-22
rev_536,ord_536,1.0,N/A,N/A,2023-07-08,2023-07-10
rev_537,ord_537,1.0,N/A,N/A,2023-12-19,2023-12-21
rev_538,ord_538,2.0,N/A,N/A,2023-07-03,2023-07-05
rev_539,ord_539,4.0,N/A,N/A,2023-01-03,2023-01-05
rev_540,ord_540,2.0,N/A,N/A,2023-07-10,2023-07-12
rev_541,ord_541,1.0,N/A,N/A,2023-04-28,2023-04-30
rev_542,ord_542,4.0,N/A,N/A,2023-01-19,2023-01-21
rev_543,ord_543,3.0,N/A,N/A,2023-01-23,2023-01-25
rev_544,ord_544,1.0,N/A,N/A,2023-01-30,2023-02-01
rev_545,ord_545,2.0,N/A,N/A,2023-10-22,2023-10-24
rev_546,ord_546,3.0,N/A,N/A,2023-04-18,2023-04-20
rev_547,ord_547,5.0,N/A,N/A,2023-10-08,2023-10-10
rev_548,ord_548,3.0,N/A,N/A,2023-05-08,2023-05-10
rev_549,ord_549,2.0,N/A,N/A,2023-08-17,2023-08-19
rev_550,ord_550,3.0,N/A,N/A,2023-04-21,2023-04-23
rev_551,ord_551,2.0,N/A,N/A,2023-05-16,2023-05-18
rev_552,ord_552,1.0,N/A,N/A,2023-12-28,2023-12-30
rev_553,ord_553,4.0,N/A,N/A,2023-07-05,2023-07-07
rev_554,ord_554,5.0,N/A,N/A,2023-05-24,2023-05-26
rev_555,ord_555,4.0,N/A,N/A,2023-03-13,2023-03-15
rev_556,ord_556,4.0,N/A,N/A,2023-05-09,2023-05-11
rev_557,ord_557,4.0,N/A,N/A,2023-12-30,2024-01-01
rev_558,ord_558,2.0,N/A,N/A,2023-09-18,2023-09-20
rev_559,ord_559,2.0,N/A,N/A,2023-01-03,2023-01-05
rev_560,ord_560,5.0,N/A,N/A,2023-04-14,2023-04-16
rev_561,ord_561,2.0,N/A,N/A,2023-08-12,2023-08-14
rev_562,ord_562,2.0,N/A,N/A,2023-11-16,2023-11-18
rev_563,ord_563,2.0,N/A,N/A,2023-12-28,2023-12-30
rev_564,ord_564,2.0,N/A,N/A,2023-12-20,2023-12-22
rev_565,ord_565,1.0,N/A,N/A,2023-01-10,2023-01-12
rev_566,ord_566,5.0,N/A,N/A,2023-10-29,2023-10-31
rev_567,ord_567,2.0,N/A,N/A,2023-08-19,2023-08-21
rev_568,ord_568,5.0,N/A,N/A,2023-08-07,2023-08-09
rev_569,ord_569,3.0,N/A,N/A,2023-03-07,2023-03-09
rev_570,ord_570,1.0,N/A,N/A,2023-04-22,2023-04-24
rev_571,ord_571,2.0,N/A,N/A,2023-01-13,2023-01-15
rev_572,ord_572,1.0,N/A,N/A,2023-03-27,2023-03-29
rev_573,ord_573,1.0,N/A,N/A,2023-08-22,2023-08-24
rev_574,ord_574,3.0,N/A,N/A,2023-03-31,2023-04-02
rev_575,ord_575,5.0,N/A,N/A,2023-11-10,2023-11-12
rev_576,ord_576,1.0,N/A,N/A,2023-02-23,2023-02-25
rev_577,ord_577,4.0,N/A,N/A,2023-01-12,2023-01-14
rev_578,ord_578,3.0,N/A,N/A,2023-07-28,2023-07-30
rev_579,ord_579,4.0,N/A,N/A,2023-01-14,2023-01-16
rev_580,ord_580,3.0,N/A,N/A,2023-05-01,2023-05-03
rev_581,ord_581,4.0,N/A,N/A,2023-01-20,2023-01-22
rev_582,ord_582,4.0,N/A,N/A,2023-03-16,2023-03-18
rev_583,ord_583,1.0,N/A,N/A,2023-08-31,2023-09-02
rev_584,ord_584,1.0,N/A,N/A,2023-08-11,2023-08-13
rev_585,ord_585,3.0,N/A,N/A,2023-03-11,2023-03-13
rev_586,ord_586,5.0,N/A,N/A,2023-11-08,2023-11-10
rev_587,ord_587,1.0,N/A,N/A,2023-07-30,2023-08-01
rev_588,ord_588,1.0,N/A,N/A,2023-04-11,2023-04-13
rev_589,ord_589,2.0,N/A,N/A,2023-07-05,2023-07-07
rev_590,ord_590,1.0,N/A,N/A,2023-05-12,2023-05-14
rev_591,ord_591,5.0,N/A,N/A,2023-04-21,2023-04-23
rev_592,ord_592,2.0,N/A,N/A,2023-05-12,2023-05-14
rev_593,ord_593,4.0,N/A,N/A,2023-01-20,2023-01-22
rev_594,ord_594,4.0,N/A,N/A,2023-01-24,2023-01-26
rev_595,ord_595,2.0,N/A,N/A,2023-08-15,2023-08-17
rev_596,ord_596,2.0,N/A,N/A,2023-06-03,2023-06-05
rev_597,ord_597,2.0,N/A,N/A,2023-10-20,2023-10-22
rev_598,ord_598,3.0,N/A,N/A,2023-08-18,2023-08-20
rev_599,ord_599,5.0,N/A,N/A,2023-11-06,2023-11-08
rev_600,ord_600,5.0,N/A,N/A,2023-12-25,2023-12-27
rev_601,ord_601,4.0,N/A,N/A,2023-07-21,2023-07-23
rev_602,ord_602,4.0,N/A,N/A,2023-02-07,2023-02-09
rev_603,ord_603,4.0,N/A,N/A,2023-09-17,2023-09-19
rev_604,ord_604,1.0,N/A,N/A,2023-07-07,2023-07-09
rev_605,ord_605,4.0,N/A,N/A,2023-02-26,2023-02-28
rev_606,ord_606,2.0,N/A,N/A,2023-01-20,2023-01-22
rev_607,ord_607,4.0,N/A,N/A,2023-09-30,2023-10-02
rev_608,ord_608,2.0,N/A,N/A,2023-04-29,2023-05-01
rev_609,ord_609,3.0,N/A,N/A,2023-03-12,2023-03-14
rev_610,ord_610,1.0,N/A,N/A,2023-01-04,2023-01-06
rev_611,ord_611,1.0,N/A,N/A,2023-08-09,2023-08-11
rev_612,ord_612,5.0,N/A,N/A,2023-01-14,2023-01-16
rev_613,ord_613,3.0,N/A,N/A,2023-01-03,2023-01-05
rev_614,ord_614,2.0,N/A,N/A,2023-08-04,2023-08-06
rev_615,ord_615,3.0,N/A,N/A,2023-08-17,2023-08-19
rev_616,ord_616,1.0,N/A,N/A,2023-12-02,2023-12-04
rev_617,ord_617,2.0,N/A,N/A,2023-07-05,2023-07-07
rev_618,ord_618,3.0,N/A,N/A,2023-02-24,2023-02-26
rev_619,ord_619,1.0,N/A,N/A,2023-09-11,2023-09-13
rev_620,ord_620,2.0,N/A,N/A,2023-01-24,2023-01-26
rev_621,ord_621,2.0,N/A,N/A,2023-06-11,2023-06-13
rev_622,ord_622,1.0,N/A,N/A,2023-06-07,2023-06-09
rev_623,ord_623,2.0,N/A,N/A,2023-03-23,2023-03-25
rev_624,ord_624,1.0,N/A,N/A,2023-06-08,2023-06-10
rev_625,ord_625,4.0,N/A,N/A,2023-07-07,2023-07-09
rev_626,ord_626,4.0,N/A,N/A,2023-03-01,2023-03-03
rev_627,ord_627,2.0,N/A,N/A,2023-11-01,2023-11-03
rev_628,ord_628,2.0,N/A,N/A,2023-11-15,2023-11-17
rev_629,ord_629,1.0,N/A,N/A,2023-07-30,2023-08-01
rev_630,ord_630,2.0,N/A,N/A,2023-06-01,2023-06-03
rev_631,ord_631,5.0,N/A,N/A,2023-04-19,2023-04-21
rev_632,ord_632,4.0,N/A,N/A,2023-03-17,2023-03-19
rev_633,ord_633,2.0,N/A,N/A,2023-01-30,2023-02-01
rev_634,ord_634,2.0,N/A,N/A,2023-11-10,2023-11-12
rev_635,ord_635,3.0,N/A,N/A,2023-04-27,2023-04-29
rev_636,ord_636,2.0,N/A,N/A,2023-12-22,2023-12-24
rev_637,ord_637,5.0,N/A,N/A,2023-07-11,2023-07-13
rev_638,ord_638,4.0,N/A,N/A,2023-01-19,2023-01-21
rev_639,ord_639,3.0,N/A,N/A,2023-06-22,2023-06-24
rev_640,ord_640,1.0,N/A,N/A,2023-08-16,2023-08-18
rev_641,ord_641,1.0,N/A,N/A,2023-12-16,2023-12-18
rev_642,ord_642,4.0,N/A,N/A,2023-07-02,2023-07-04
rev_643,ord_643,1.0,N/A,N/A,2023-04-23,2023-04-25
rev_644,ord_644,5.0,N/A,N/A,2023-07-02,2023-07-04
rev_645,ord_645,2.0,N/A,N/A,2023-05-26,2023-05-28
rev_646,ord_646,4.0,N/A,N/A,2023-11-15,2023-11-17
rev_647,ord_647,3.0,N/A,N/A,2023-04-26,2023-04-28
rev_648,ord_648,2.0,N/A,N/A,2023-04-23,2023-04-25
rev_649,ord_649,1.0,N/A,N/A,2023-09-08,2023-09-10
rev_650,ord_650,1.0,N/A,N/A,2023-09-08,2023-09-10
rev_651,ord_651,3.0,N/A,N/A,2023-10-30,2023-11-01
rev_652,ord_652,5.0,N/A,N/A,2023-11-09,2023-11-11
rev_653,ord_653,3.0,N/A,N/A,2023-04-28,2023-04-30
rev_654,ord_654,4.0,N/A,N/A,2023-10-28,2023-10-30
rev_655,ord_655,3.0,N/A,N/A,2023-06-10,2023-06-12
rev_656,ord_656,1.0,N/A,N/A,2023-07-17,2023-07-19
rev_657,ord_657,5.0,N/A,N/A,2023-09-17,2023-09-19
rev_658,ord_658,5.0,N/A,N/A,2023-05-28,2023-05-30
rev_659,ord_659,3.0,N/A,N/A,2023-08-28,2023-08-30
rev_660,ord_660,4.0,N/A,N/A,2023-02-16,2023-02-18
rev_661,ord_661,1.0,N/A,N/A,2023-07-17,2023-07-19
rev_662,ord_662,2.0,N/A,N/A,2023-02-16,2023-02-18
rev_663,ord_663,5.0,N/A,N/A,2023-03-19,2023-03-21
rev_664,ord_664,3.0,N/A,N/A,2023-05-04,2023-05-06
rev_665,ord_665,4.0,N/A,N/A,2023-03-16,2023-03-18
rev_666,ord_666,4.0,N/A,N/A,2023-12-25,2023-12-27
rev_667,ord_667,1.0,N/A,N/A,2023-05-17,2023-05-19
rev_668,ord_668,5.0,N/A,N/A,2023-03-31,2023-04-02
rev_669,ord_669,1.0,N/A,N/A,2023-11-21,2023-11-23
rev_670,ord_670,2.0,N/A,N/A,2023-03-02,2023-03-04
rev_671,ord_671,2.0,N/A,N/A,2023-05-18,2023-05-20
rev_672,ord_672,2.0,N/A,N/A,2023-02-19,2023-02-21
rev_673,ord_673,4.0,N/A,N/A,2023-09-16,2023-09-18
rev_674,ord_674,5.0,N/A,N/A,2023-04-17,2023-04-19
rev_675,ord_675,1.0,N/A,N/A,2023-04-23,2023-04-25
rev_676,ord_676,1.0,N/A,N/A,2023-12-16,2023-12-18
rev_677,ord_677,2.0,N/A,N/A,2023-09-11,2023-09-13
rev_678,ord_678,5.0,N/A,N/A,2023-04-28,2023-04-30
rev_679,ord_679,5.0,N/A,N/A,2023-07-17,2023-07-19
rev_680,ord_680,3.0,N/A,N/A,2023-12-03,2023-12-05
rev_681,ord_681,5.0,N/A,N/A,2023-12-31,2024-01-02
rev_682,ord_682,5.0,N/A,N/A,2023-02-20,2023-02-22
rev_683,ord_683,1.0,N/A,N/A,2023-09-02,2023-09-04
rev_684,ord_684,5.0,N/A,N/A,2023-02-04,2023-02-06
rev_685,ord_685,5.0,N/A,N/A,2023-10-29,2023-10-31
rev_686,ord_686,1.0,N/A,N/A,2023-03-10,2023-03-12
rev_687,ord_687,5.0,N/A,N/A,2023-12-15,2023-12-17
rev_688,ord_688,1.0,N/A,N/A,2023-11-16,2023-11-18
rev_689,ord_689,3.0,N/A,N/A,2023-02-18,2023-02-20
rev_690,ord_690,4.0,N/A,N/A,2023-03-15,2023-03-17
rev_691,ord_691,1.0,N/A,N/A,2023-07-11,2023-07-13
rev_692,ord_692,1.0,N/A,N/A,2023-09-18,2023-09-20
rev_693,ord_693,5.0,N/A,N/A,2023-12-22,2023-12-24
rev_694,ord_694,1.0,N/A,N/A,2023-03-11,2023-03-13
rev_695,ord_695,2.0,N/A,N/A,2023-03-31,2023-04-02
rev_696,ord_696,2.0,N/A,N/A,2023-09-17,2023-09-19
rev_697,ord_697,3.0,N/A,N/A,2023-05-06,2023-05-08
rev_698,ord_698,1.0,N/A,N/A,2023-08-19,2023-08-21
rev_699,ord_699,5.0,N/A,N/A,2023-10-22,2023-10-24
rev_700,ord_700,5.0,N/A,N/A,2023-05-09,2023-05-11
rev_701,ord_701,4.0,N/A,N/A,2023-10-07,2023-10-09
rev_702,ord_702,3.0,N/A,N/A,2023-11-09,2023-11-11
rev_703,ord_703,5.0,N/A,N/A,2023-04-10,2023-04-12
rev_704,ord_704,4.0,N/A,N/A,2023-11-22,2023-11-24
rev_705,ord_705,5.0,N/A,N/A,2023-10-24,2023-10-26
rev_706,ord_706,4.0,N/A,N/A,2023-07-01,2023-07-03
rev_707,ord_707,2.0,N/A,N/A,2023-06-23,2023-06-25
rev_708,ord_708,2.0,N/A,N/A,2023-11-12,2023-11-14
rev_709,ord_709,5.0,N/A,N/A,2023-12-30,2024-01-01
rev_710,ord_710,3.0,N/A,N/A,2023-07-07,2023-07-09
rev_711,ord_711,1.0,N/A,N/A,2023-02-26,2023-02-28
rev_712,ord_712,3.0,N/A,N/A,2023-01-31,2023-02-02
rev_713,ord_713,3.0,N/A,N/A,2023-03-25,2023-03-27
rev_714,ord_714,1.0,N/A,N/A,2023-06-01,2023-06-03
rev_715,ord_715,2.0,N/A,N/A,2023-02-05,2023-02-07
rev_716,ord_716,2.0,N/A,N/A,2023-08-01,2023-08-03
rev_717,ord_717,1.0,N/A,N/A,2023-12-30,2024-01-01
rev_718,ord_718,4.0,N/A,N/A,2023-04-16,2023-04-18
rev_719,ord_719,3.0,N/A,N/A,2023-12-08,2023-12-10
rev_720,ord_720,5.0,N/A,N/A,2023-08-08,2023-08-10
rev_721,ord_721,2.0,N/A,N/A,2023-06-12,2023-06-14
rev_722,ord_722,5.0,N/A,N/A,2023-08-08,2023-08-10
rev_723,ord_723,1.0,N/A,N/A,2023-09-27,2023-09-29
rev_724,ord_724,5.0,N/A,N/A,2023-04-30,2023-05-02
rev_725,ord_725,5.0,N/A,N/A,2023-12-02,2023-12-04
rev_726,ord_726,3.0,N/A,N/A,2023-07-01,2023-07-03
rev_727,ord_727,1.0,N/A,N/A,2023-04-16,2023-04-18
rev_728,ord_728,5.0,N/A,N/A,2023-08-05,2023-08-07
rev_729,ord_729,2.0,N/A,N/A,2023-07-24,2023-07-26
rev_730,ord_730,1.0,N/A,N/A,2023-03-11,2023-03-13
rev_731,ord_731,2.0,N/A,N/A,2023-02-13,2023-02-15
rev_732,ord_732,4.0,N/A,N/A,2023-11-25,2023-11-27
rev_733,ord_733,5.0,N/A,N/A,2023-10-28,2023-10-30
rev_734,ord_734,1.0,N/A,N/A,2023-08-16,2023-08-18
rev_735,ord_735,2.0,N/A,N/A,2023-07-03,2023-07-05
rev_736,ord_736,5.0,N/A,N/A,2023-04-17,2023-04-19
rev_737,ord_737,3.0,N/A,N/A,2023-03-25,2023-03-27
rev_738,ord_738,2.0,N/A,N/A,2023-12-04,2023-12-06
rev_739,ord_739,2.0,N/A,N/A,2023-09-07,2023-09-09
rev_740,ord_740,4.0,N/A,N/A,2023-12-29,2023-12-31
rev_741,ord_741,3.0,N/A,N/A,2023-01-21,2023-01-23
rev_742,ord_742,4.0,N/A,N/A,2023-07-15,2023-07-17
rev_743,ord_743,3.0,N/A,N/A,2023-06-27,2023-06-29
rev_744,ord_744,2.0,N/A,N/A,2023-01-07,2023-01-09
rev_745,ord_745,4.0,N/A,N/A,2023-03-11,2023-03-13
rev_746,ord_746,5.0,N/A,N/A,2023-05-07,2023-05-09
rev_747,ord_747,3.0,N/A,N/A,2023-06-09,2023-06-11
rev_748,ord_748,2.0,N/A,N/A,2023-09-05,2023-09-07
rev_749,ord_749,1.0,N/A,N/A,2023-07-22,2023-07-24
rev_750,ord_750,3.0,N/A,N/A,2023-05-28,2023-05-30
rev_751,ord_751,3.0,N/A,N/A,2023-05-23,2023-05-25
rev_752,ord_752,5.0,N/A,N/A,2023-07-18,2023-07-20
rev_753,ord_753,3.0,N/A,N/A,2023-06-03,2023-06-05
rev_754,ord_754,3.0,N/A,N/A,2023-05-22,2023-05-24
rev_755,ord_755,5.0,N/A,N/A,2023-11-09,2023-11-11
rev_756,ord_756,5.0,N/A,N/A,2023-06-14,2023-06-16
rev_757,ord_757,4.0,N/A,N/A,2023-11-10,2023-11-12
rev_758,ord_758,2.0,N/A,N/A,2023-01-21,2023-01-23
rev_759,ord_759,2.0,N/A,N/A,2023-03-23,2023-03-25
rev_760,ord_760,4.0,N/A,N/A,2023-03-10,2023-03-12
rev_761,ord_761,2.0,N/A,N/A,2023-05-11,2023-05-13
rev_762,ord_762,3.0,N/A,N/A,2023-03-28,2023-03-30
rev_763,ord_763,4.0,N/A,N/A,2023-08-06,2023-08-08
rev_764,ord_764,4.0,N/A,N/A,2023-11-01,2023-11-03
rev_765,ord_765,2.0,N/A,N/A,2023-12-11,2023-12-13
rev_766,ord_766,1.0,N/A,N/A,2023-12-07,2023-12-09
rev_767,ord_767,2.0,N/A,N/A,2023-06-10,2023-06-12
rev_768,ord_768,1.0,N/A,N/A,2023-06-27,2023-06-29
rev_769,ord_769,4.0,N/A,N/A,2023-04-27,2023-04-29
rev_770,ord_770,1.0,N/A,N/A,2023-07-15,2023-07-17
rev_771,ord_771,3.0,N/A,N/A,2023-11-23,2023-11-25
rev_772,ord_772,5.0,N/A,N/A,2023-03-27,2023-03-29
rev_773,ord_773,1.0,N/A,N/A,2023-10-16,2023-10-18
rev_774,ord_774,5.0,N/A,N/A,2023-03-22,2023-03-24
rev_775,ord_775,3.0,N/A,N/A,2023-06-01,2023-06-03
rev_776,ord_776,5.0,N/A,N/A,2023-03-02,2023-03-04
rev_777,ord_777,3.0,N/A,N/A,2023-03-02,2023-03-04
rev_778,ord_778,5.0,N/A,N/A,2023-12-20,2023-12-22
rev_779,ord_779,5.0,N/A,N/A,2023-01-28,2023-01-30
rev_780,ord_780,2.0,N/A,N/A,2023-02-12,2023-02-14
rev_781,ord_781,1.0,N/A,N/A,2023-06-18,2023-06-20
rev_782,ord_782,5.0,N/A,N/A,2023-03-27,2023-03-29
rev_783,ord_783,4.0,N/A,N/A,2023-06-26,2023-06-28
rev_784,ord_784,2.0,N/A,N/A,2023-01-17,2023-01-19
rev_785,ord_785,1.0,N/A,N/A,2023-04-08,2023-04-10
rev_786,ord_786,2.0,N/A,N/A,2023-07-17,2023-07-19
rev_787,ord_787,1.0,N/A,N/A,2023-04-08,2023-04-10
rev_788,ord_788,3.0,N/A,N/A,2023-03-06,2023-03-08
rev_789,ord_789,5.0,N/A,N/A,2023-11-26,2023-11-28
rev_790,ord_790,4.0,N/A,N/A,2023-12-07,2023-12-09
rev_791,ord_791,2.0,N/A,N/A,2023-01-05,2023-01-07
rev_792,ord_792,2.0,N/A,N/A,2023-01-02,2023-01-04
rev_793,ord_793,2.0,N/A,N/A,2023-01-22,2023-01-24
rev_794,ord_794,2.0,N/A,N/A,2023-04-22,2023-04-24
rev_795,ord_795,5.0,N/A,N/A,2023-02-26,2023-02-28
rev_796,ord_796,1.0,N/A,N/A,2023-03-07,2023-03-09
rev_797,ord_797,5.0,N/A,N/A,2023-11-26,2023-11-28
rev_798,ord_798,3.0,N/A,N/A,2023-04-08,2023-04-10
rev_799,ord_799,5.0,N/A,N/A,2023-05-24,2023-05-26
rev_800,ord_800,5.0,N/A,N/A,2023-05-05,2023-05-07
rev_801,ord_801,3.0,N/A,N/A,2023-06-16,2023-06-18
rev_802,ord_802,5.0,N/A,N/A,2023-03-27,2023-03-29
rev_803,ord_803,1.0,N/A,N/A,2023-03-17,2023-03-19
rev_804,ord_804,4.0,N/A,N/A,2023-12-10,2023-12-12
rev_805,ord_805,3.0,N/A,N/A,2023-10-21,2023-10-23
rev_806,ord_806,2.0,N/A,N/A,2023-02-28,2023-03-02
rev_807,ord_807,1.0,N/A,N/A,2023-05-18,2023-05-20
rev_808,ord_808,4.0,N/A,N/A,2023-04-09,2023-04-11
rev_809,ord_809,1.0,N/A,N/A,2023-07-11,2023-07-13
rev_810,ord_810,1.0,N/A,N/A,2023-08-31,2023-09-02
rev_811,ord_811,2.0,N/A,N/A,2023-11-15,2023-11-17
rev_812,ord_812,4.0,N/A,N/A,2023-02-18,2023-02-20
rev_813,ord_813,1.0,N/A,N/A,2023-02-01,2023-02-03
rev_814,ord_814,2.0,N/A,N/A,2023-10-04,2023-10-06
rev_815,ord_815,3.0,N/A,N/A,2023-01-20,2023-01-22
rev_816,ord_816,2.0,N/A,N/A,2023-06-03,2023-06-05
rev_817,ord_817,5.0,N/A,N/A,2023-03-09,2023-03-11
rev_818,ord_818,2.0,N/A,N/A,2023-08-02,2023-08-04
rev_819,ord_819,2.0,N/A,N/A,2023-05-23,2023-05-25
rev_820,ord_820,2.0,N/A,N/A,2023-08-20,2023-08-22
rev_821,ord_821,1.0,N/A,N/A,2023-08-01,2023-08-03
rev_822,ord_822,4.0,N/A,N/A,2023-03-20,2023-03-22
rev_823,ord_823,2.0,N/A,N/A,2023-08-02,2023-08-04
rev_824,ord_824,2.0,N/A,N/A,2023-04-26,2023-04-28
rev_825,ord_825,5.0,N/A,N/A,2023-04-02,2023-04-04
rev_826,ord_826,5.0,N/A,N/A,2023-09-27,2023-09-29
rev_827,ord_827,3.0,N/A,N/A,2023-06-17,2023-06-19
rev_828,ord_828,3.0,N/A,N/A,2023-02-27,2023-03-01
rev_829,ord_829,5.0,N/A,N/A,2023-10-11,2023-10-13
rev_830,ord_830,4.0,N/A,N/A,2023-01-26,2023-01-28
rev_831,ord_831,3.0,N/A,N/A,2023-03-07,2023-03-09
rev_832,ord_832,4.0,N/A,N/A,2023-09-05,2023-09-07
rev_833,ord_833,5.0,N/A,N/A,2023-09-11,2023-09-13
rev_834,ord_834,3.0,N/A,N/A,2023-02-13,2023-02-15
rev_835,ord_835,2.0,N/A,N/A,2023-04-07,2023-04-09
rev_836,ord_836,5.0,N/A,N/A,2023-02-11,2023-02-13
rev_837,ord_837,3.0,N/A,N/A,2023-08-15,2023-08-17
rev_838,ord_838,4.0,N/A,N/A,2023-09-19,2023-09-21
rev_839,ord_839,4.0,N/A,N/A,2023-06-16,2023-06-18
rev_840,ord_840,3.0,N/A,N/A,2023-10-06,2023-10-08
rev_841,ord_841,4.0,N/A,N/A,2023-03-30,2023-04-01
rev_842,ord_842,3.0,N/A,N/A,2023-06-27,2023-06-29
rev_843,ord_843,3.0,N/A,N/A,2023-07-16,2023-07-18
rev_844,ord_844,4.0,N/A,N/A,2023-11-03,2023-11-05
rev_845,ord_845,1.0,N/A,N/A,2023-09-24,2023-09-26
rev_846,ord_846,2.0,N/A,N/A,2023-09-25,2023-09-27
rev_847,ord_847,5.0,N/A,N/A,2023-03-15,2023-03-17
rev_848,ord_848,2.0,N/A,N/A,2023-01-08,2023-01-10
rev_849,ord_849,5.0,N/A,N/A,2023-10-24,2023-10-26
rev_850,ord_850,5.0,N/A,N/A,2023-06-13,2023-06-15
rev_851,ord_851,2.0,N/A,N/A,2023-03-26,2023-03-28
rev_852,ord_852,3.0,N/A,N/A,2023-03-13,2023-03-15
rev_853,ord_853,4.0,N/A,N/A,2023-02-24,2023-02-26
rev_854,ord_854,1.0,N/A,N/A,2023-02-16,2023-02-18
rev_855,ord_855,1.0,N/A,N/A,2023-08-26,2023-08-28
rev_856,ord_856,1.0,N/A,N/A,2023-04-14,2023-04-16
rev_857,ord_857,2.0,N/A,N/A,2023-07-29,2023-07-31
rev_858,ord_858,2.0,N/A,N/A,2023-02-11,2023-02-13
rev_859,ord_859,3.0,N/A,N/A,2023-11-12,2023-11-14
rev_860,ord_860,1.0,N/A,N/A,2023-09-25,2023-09-27
rev_861,ord_861,3.0,N/A,N/A,2023-09-20,2023-09-22
rev_862,ord_862,1.0,N/A,N/A,2023-12-02,2023-12-04
rev_863,ord_863,2.0,N/A,N/A,2023-12-31,2024-01-02
rev_864,ord_864,4.0,N/A,N/A,2023-09-16,2023-09-18
rev_865,ord_865,4.0,N/A,N/A,2023-10-10,2023-10-12
rev_866,ord_866,4.0,N/A,N/A,2023-04-24,2023-04-26
rev_867,ord_867,4.0,N/A,N/A,2023-12-29,2023-12-31
rev_868,ord_868,5.0,N/A,N/A,2023-02-09,2023-02-11
rev_869,ord_869,1.0,N/A,N/A,2023-08-08,2023-08-10
rev_870,ord_870,4.0,N/A,N/A,2023-05-09,2023-05-11
rev_871,ord_871,5.0,N/A,N/A,2023-01-08,2023-01-10
rev_872,ord_872,5.0,N/A,N/A,2023-04-11,2023-04-13
rev_873,ord_873,5.0,N/A,N/A,2023-06-25,2023-06-27
rev_874,ord_874,3.0,N/A,N/A,2023-04-17,2023-04-19
rev_875,ord_875,3.0,N/A,N/A,2023-04-11,2023-04-13
rev_876,ord_876,5.0,N/A,N/A,2023-09-17,2023-09-19
rev_877,ord_877,4.0,N/A,N/A,2023-09-03,2023-09-05
rev_878,ord_878,1.0,N/A,N/A,2023-10-02,2023-10-04
rev_879,ord_879,2.0,N/A,N/A,2023-02-01,2023-02-03
rev_880,ord_880,3.0,N/A,N/A,2023-05-17,2023-05-19
rev_881,ord_881,4.0,N/A,N/A,2023-01-12,2023-01-14
rev_882,ord_882,4.0,N/A,N/A,2023-10-29,2023-10-31
rev_883,ord_883,2.0,N/A,N/A,2023-01-16,2023-01-18
rev_884,ord_884,2.0,N/A,N/A,2023-05-09,2023-05-11
rev_885,ord_885,4.0,N/A,N/A,2023-03-04,2023-03-06
rev_886,ord_886,2.0,N/A,N/A,2023-04-19,2023-04-21
rev_887,ord_887,4.0,N/A,N/A,2023-01-21,2023-01-23
rev_888,ord_888,2.0,N/A,N/A,2023-06-07,2023-06-09
rev_889,ord_889,2.0,N/A,N/A,2023-09-26,2023-09-28
rev_890,ord_890,4.0,N/A,N/A,2023-06-11,2023-06-13
rev_891,ord_891,5.0,N/A,N/A,2023-09-17,2023-09-19
rev_892,ord_892,4.0,N/A,N/A,2023-04-12,2023-04-14
rev_893,ord_893,1.0,N/A,N/A,2023-08-11,2023-08-13
rev_894,ord_894,2.0,N/A,N/A,2023-02-28,2023-03-02
rev_895,ord_895,3.0,N/A,N/A,2023-09-04,2023-09-06
rev_896,ord_896,2.0,N/A,N/A,2023-05-08,2023-05-10
rev_897,ord_897,1.0,N/A,N/A,2023-10-10,2023-10-12
rev_898,ord_898,3.0,N/A,N/A,2023-11-21,2023-11-23
rev_899,ord_899,3.0,N/A,N/A,2023-01-25,2023-01-27
rev_900,ord_900,4.0,N/A,N/A,2023-05-11,2023-05-13
rev_901,ord_901,5.0,N/A,N/A,2023-12-19,2023-12-21
rev_902,ord_902,4.0,N/A,N/A,2023-07-15,2023-07-17
rev_903,ord_903,3.0,N/A,N/A,2023-10-08,2023-10-10
rev_904,ord_904,3.0,N/A,N/A,2023-06-03,2023-06-05
rev_905,ord_905,5.0,N/A,N/A,2023-05-13,2023-05-15
rev_906,ord_906,2.0,N/A,N/A,2023-08-15,2023-08-17
rev_907,ord_907,5.0,N/A,N/A,2023-07-08,2023-07-10
rev_908,ord_908,4.0,N/A,N/A,2023-09-22,2023-09-24
rev_909,ord_909,2.0,N/A,N/A,2023-05-14,2023-05-16
rev_910,ord_910,4.0,N/A,N/A,2023-07-30,2023-08-01
rev_911,ord_911,5.0,N/A,N/A,2023-03-01,2023-03-03
rev_912,ord_912,2.0,N/A,N/A,2023-12-30,2024-01-01
rev_913,ord_913,5.0,N/A,N/A,2023-12-30,2024-01-01
rev_914,ord_914,1.0,N/A,N/A,2023-08-01,2023-08-03
rev_915,ord_915,3.0,N/A,N/A,2023-08-04,2023-08-06
rev_916,ord_916,2.0,N/A,N/A,2023-08-14,2023-08-16
rev_917,ord_917,3.0,N/A,N/A,2023-05-11,2023-05-13
rev_918,ord_918,1.0,N/A,N/A,2023-03-17,2023-03-19
rev_919,ord_919,2.0,N/A,N/A,2023-10-13,2023-10-15
rev_920,ord_920,3.0,N/A,N/A,2023-10-04,2023-10-06
rev_921,ord_921,3.0,N/A,N/A,2023-06-05,2023-06-07
rev_922,ord_922,2.0,N/A,N/A,2023-09-05,2023-09-07
rev_923,ord_923,3.0,N/A,N/A,2023-08-06,2023-08-08
rev_924,ord_924,3.0,N/A,N/A,2023-07-09,2023-07-11
rev_925,ord_925,2.0,N/A,N/A,2023-06-12,2023-06-14
rev_926,ord_926,3.0,N/A,N/A,2023-06-29,2023-07-01
rev_927,ord_927,3.0,N/A,N/A,2023-02-03,2023-02-05
rev_928,ord_928,4.0,N/A,N/A,2023-02-10,2023-02-12
rev_929,ord_929,4.0,N/A,N/A,2023-11-03,2023-11-05
rev_930,ord_930,1.0,N/A,N/A,2023-12-04,2023-12-06
rev_931,ord_931,4.0,N/A,N/A,2023-11-10,2023-11-12
rev_932,ord_932,4.0,N/A,N/A,2023-03-16,2023-03-18
rev_933,ord_933,1.0,N/A,N/A,2023-10-06,2023-10-08
rev_934,ord_934,3.0,N/A,N/A,2023-06-25,2023-06-27
rev_935,ord_935,3.0,N/A,N/A,2023-05-30,2023-06-01
rev_936,ord_936,4.0,N/A,N/A,2023-09-30,2023-10-02
rev_937,ord_937,1.0,N/A,N/A,2023-11-21,2023-11-23
rev_938,ord_938,3.0,N/A,N/A,2023-04-18,2023-04-20
rev_939,ord_939,5.0,N/A,N/A,2023-05-19,2023-05-21
rev_940,ord_940,2.0,N/A,N/A,2023-12-16,2023-12-18
rev_941,ord_941,2.0,N/A,N/A,2023-09-28,2023-09-30
rev_942,ord_942,2.0,N/A,N/A,2023-12-13,2023-12-15
rev_943,ord_943,4.0,N/A,N/A,2023-10-16,2023-10-18
rev_944,ord_944,2.0,N/A,N/A,2023-07-31,2023-08-02
rev_945,ord_945,2.0,N/A,N/A,2023-09-29,2023-10-01
rev_946,ord_946,5.0,N/A,N/A,2023-03-07,2023-03-09
rev_947,ord_947,3.0,N/A,N/A,2023-09-05,2023-09-07
rev_948,ord_948,5.0,N/A,N/A,2023-06-05,2023-06-07
rev_949,ord_949,4.0,N/A,N/A,2023-02-16,2023-02-18
rev_950,ord_950,2.0,N/A,N/A,2023-07-20,2023-07-22
rev_951,ord_951,3.0,N/A,N/A,2023-05-28,2023-05-30
rev_952,ord_952,2.0,N/A,N/A,2023-05-04,2023-05-06
rev_953,ord_953,2.0,N/A,N/A,2023-01-01,2023-01-03
rev_954,ord_954,4.0,N/A,N/A,2023-09-04,2023-09-06
rev_955,ord_955,2.0,N/A,N/A,2023-12-09,2023-12-11
rev_956,ord_956,1.0,N/A,N/A,2023-05-08,2023-05-10
rev_957,ord_957,3.0,N/A,N/A,2023-07-10,2023-07-12
rev_958,ord_958,3.0,N/A,N/A,2023-03-08,2023-03-10
rev_959,ord_959,1.0,N/A,N/A,2023-01-04,2023-01-06
rev_960,ord_960,4.0,N/A,N/A,2023-10-30,2023-11-01
rev_961,ord_961,2.0,N/A,N/A,2023-10-21,2023-10-23
rev_962,ord_962,2.0,N/A,N/A,2023-05-23,2023-05-25
rev_963,ord_963,3.0,N/A,N/A,2023-07-10,2023-07-12
rev_964,ord_964,4.0,N/A,N/A,2023-01-21,2023-01-23
rev_965,ord_965,4.0,N/A,N/A,2023-08-15,2023-08-17
rev_966,ord_966,4.0,N/A,N/A,2023-11-09,2023-11-11
rev_967,ord_967,2.0,N/A,N/A,2023-04-27,2023-04-29
rev_968,ord_968,4.0,N/A,N/A,2023-10-29,2023-10-31
rev_969,ord_969,1.0,N/A,N/A,2023-05-22,2023-05-24
rev_970,ord_970,5.0,N/A,N/A,2023-02-08,2023-02-10
rev_971,ord_971,4.0,N/A,N/A,2023-12-21,2023-12-23
rev_972,ord_972,5.0,N/A,N/A,2023-09-09,2023-09-11
rev_973,ord_973,2.0,N/A,N/A,2023-11-29,2023-12-01
rev_974,ord_974,4.0,N/A,N/A,2023-07-26,2023-07-28
rev_975,ord_975,3.0,N/A,N/A,2023-07-29,2023-07-31
rev_976,ord_976,2.0,N/A,N/A,2023-04-25,2023-04-27
rev_977,ord_977,1.0,N/A,N/A,2023-08-13,2023-08-15
rev_978,ord_978,1.0,N/A,N/A,2023-05-14,2023-05-16
rev_979,ord_979,5.0,N/A,N/A,2023-09-08,2023-09-10
rev_980,ord_980,5.0,N/A,N/A,2023-08-07,2023-08-09
rev_981,ord_981,3.0,N/A,N/A,2023-04-01,2023-04-03
rev_982,ord_982,3.0,N/A,N/A,2023-12-20,2023-12-22
rev_983,ord_983,1.0,N/A,N/A,2023-02-15,2023-02-17
rev_984,ord_984,4.0,N/A,N/A,2023-02-07,2023-02-09
rev_985,ord_985,1.0,N/A,N/A,2023-05-22,2023-05-24
rev_986,ord_986,1.0,N/A,N/A,2023-04-10,2023-04-12
rev_987,ord_987,3.0,N/A,N/A,2023-11-24,2023-11-26
rev_988,ord_988,5.0,N/A,N/A,2023-07-09,2023-07-11
rev_989,ord_989,3.0,N/A,N/A,2023-02-04,2023-02-06
rev_990,ord_990,3.0,N/A,N/A,2023-05-27,2023-05-29
rev_991,ord_991,3.0,N/A,N/A,2023-01-30,2023-02-01
rev_992,ord_992,1.0,N/A,N/A,2023-11-30,2023-12-02
rev_993,ord_993,4.0,N/A,N/A,2023-03-25,2023-03-27
rev_994,ord_994,1.0,N/A,N/A,2023-10-08,2023-10-10
rev_995,ord_995,2.0,N/A,N/A,2023-12-10,2023-12-12
rev_996,ord_996,3.0,N/A,N/A,2023-09-27,2023-09-29
rev_997,ord_997,3.0,N/A,N/A,2023-06-03,2023-06-05
rev_998,ord_998,2.0,N/A,N/A,2023-04-12,2023-04-14
rev_999,ord_999,3.0,N/A,N/A,2023-08-03,2023-08-05
