order_id,customer_id,order_status,order_purchase_timestamp,order_approved_at,order_delivered_carrier_date,order_delivered_customer_date,order_estimated_delivery_date
ord_0,cust_661,delivered,2023-04-12,2023-04-12 14:00:00,2023-04-13,2023-04-24,2023-04-22
ord_1,cust_82,delivered,2023-09-24,2023-09-24 17:00:00,2023-09-25,2023-10-07,2023-10-04
ord_2,cust_621,delivered,2023-12-21,2023-12-21 18:00:00,2023-12-22,2023-12-23,2023-12-31
ord_3,cust_425,delivered,2023-04-20,2023-04-20 13:00:00,2023-04-21,2023-05-03,2023-04-30
ord_4,cust_274,delivered,2023-11-26,2023-11-26 20:00:00,2023-11-28,2023-12-02,2023-12-06
ord_5,cust_712,delivered,2023-09-22,2023-09-22 20:00:00,2023-09-23,2023-10-03,2023-10-02
ord_6,cust_283,delivered,2023-01-03,2023-01-03 21:00:00,2023-01-04,2023-01-11,2023-01-13
ord_7,cust_172,delivered,2023-03-26,2023-03-26 18:00:00,2023-03-28,2023-03-29,2023-04-05
ord_8,cust_326,delivered,2023-10-09,2023-10-09 04:00:00,2023-10-10,2023-10-20,2023-10-19
ord_9,cust_717,delivered,2023-11-24,2023-11-24 01:00:00,2023-11-26,2023-12-03,2023-12-04
ord_10,cust_62,delivered,2023-10-31,2023-10-31 18:00:00,2023-11-02,2023-11-05,2023-11-10
ord_11,cust_72,delivered,2023-04-27,2023-04-27 01:00:00,2023-04-28,2023-05-10,2023-05-07
ord_12,cust_762,delivered,2023-08-09,2023-08-09 13:00:00,2023-08-11,2023-08-13,2023-08-19
ord_13,cust_635,delivered,2023-06-03,2023-06-03 20:00:00,2023-06-04,2023-06-14,2023-06-13
ord_14,cust_374,delivered,2023-06-02,2023-06-02 20:00:00,2023-06-03,2023-06-14,2023-06-12
ord_15,cust_632,delivered,2023-01-12,2023-01-12 23:00:00,2023-01-14,2023-01-21,2023-01-22
ord_16,cust_507,delivered,2023-05-13,2023-05-13 10:00:00,2023-05-15,2023-05-16,2023-05-23
ord_17,cust_786,delivered,2023-10-31,2023-10-31 11:00:00,2023-11-01,2023-11-12,2023-11-10
ord_18,cust_397,delivered,2023-10-20,2023-10-20 09:00:00,2023-10-22,2023-11-01,2023-10-30
ord_19,cust_119,delivered,2023-10-27,2023-10-27 09:00:00,2023-10-29,2023-11-10,2023-11-06
ord_20,cust_436,delivered,2023-08-16,2023-08-16 05:00:00,2023-08-17,2023-08-20,2023-08-26
ord_21,cust_675,delivered,2023-09-28,2023-09-28 01:00:00,2023-09-29,2023-10-11,2023-10-08
ord_22,cust_464,delivered,2023-02-12,2023-02-12 17:00:00,2023-02-14,2023-02-16,2023-02-22
ord_23,cust_285,delivered,2023-12-09,2023-12-09 22:00:00,2023-12-10,2023-12-20,2023-12-19
ord_24,cust_264,delivered,2023-11-22,2023-11-22 02:00:00,2023-11-23,2023-12-04,2023-12-02
ord_25,cust_319,delivered,2023-10-29,2023-10-29 13:00:00,2023-10-30,2023-10-31,2023-11-08
ord_26,cust_672,delivered,2023-12-30,2023-12-30 09:00:00,2023-12-31,2024-01-06,2024-01-09
ord_27,cust_375,delivered,2023-01-21,2023-01-21 04:00:00,2023-01-22,2023-01-24,2023-01-31
ord_28,cust_88,delivered,2023-04-17,2023-04-17 05:00:00,2023-04-18,2023-04-19,2023-04-27
ord_29,cust_653,delivered,2023-12-02,2023-12-02 11:00:00,2023-12-03,2023-12-05,2023-12-12
ord_30,cust_202,delivered,2023-10-30,2023-10-30 19:00:00,2023-11-01,2023-11-12,2023-11-09
ord_31,cust_738,delivered,2023-04-27,2023-04-27 21:00:00,2023-04-28,2023-05-04,2023-05-07
ord_32,cust_333,delivered,2023-05-04,2023-05-04 03:00:00,2023-05-06,2023-05-09,2023-05-14
ord_33,cust_221,delivered,2023-10-08,2023-10-08 12:00:00,2023-10-10,2023-10-15,2023-10-18
ord_34,cust_40,delivered,2023-10-19,2023-10-19 19:00:00,2023-10-21,2023-11-01,2023-10-29
ord_35,cust_707,delivered,2023-07-22,2023-07-22 19:00:00,2023-07-23,2023-08-01,2023-08-01
ord_36,cust_67,delivered,2023-02-20,2023-02-20 13:00:00,2023-02-21,2023-03-06,2023-03-02
ord_37,cust_775,delivered,2023-09-28,2023-09-28 07:00:00,2023-09-30,2023-10-09,2023-10-08
ord_38,cust_513,delivered,2023-11-20,2023-11-20 15:00:00,2023-11-21,2023-12-03,2023-11-30
ord_39,cust_636,delivered,2023-10-04,2023-10-04 23:00:00,2023-10-06,2023-10-15,2023-10-14
ord_40,cust_621,delivered,2023-05-21,2023-05-21 07:00:00,2023-05-22,2023-05-30,2023-05-31
ord_41,cust_597,delivered,2023-10-02,2023-10-02 08:00:00,2023-10-03,2023-10-04,2023-10-12
ord_42,cust_631,delivered,2023-10-17,2023-10-17 05:00:00,2023-10-19,2023-10-31,2023-10-27
ord_43,cust_126,delivered,2023-11-30,2023-11-30 21:00:00,2023-12-02,2023-12-09,2023-12-10
ord_44,cust_254,delivered,2023-02-21,2023-02-21 14:00:00,2023-02-23,2023-03-03,2023-03-03
ord_45,cust_694,delivered,2023-01-27,2023-01-27 04:00:00,2023-01-28,2023-02-03,2023-02-06
ord_46,cust_15,delivered,2023-06-06,2023-06-06 23:00:00,2023-06-08,2023-06-17,2023-06-16
ord_47,cust_476,delivered,2023-08-27,2023-08-27 10:00:00,2023-08-28,2023-09-02,2023-09-06
ord_48,cust_61,delivered,2023-06-05,2023-06-05 20:00:00,2023-06-06,2023-06-12,2023-06-15
ord_49,cust_431,delivered,2023-10-18,2023-10-18 15:00:00,2023-10-19,2023-11-01,2023-10-28
ord_50,cust_669,delivered,2023-05-16,2023-05-16 18:00:00,2023-05-18,2023-05-23,2023-05-26
ord_51,cust_267,delivered,2023-05-24,2023-05-24 20:00:00,2023-05-26,2023-06-03,2023-06-03
ord_52,cust_34,delivered,2023-04-16,2023-04-16 13:00:00,2023-04-18,2023-04-21,2023-04-26
ord_53,cust_778,delivered,2023-06-07,2023-06-07 08:00:00,2023-06-08,2023-06-10,2023-06-17
ord_54,cust_575,delivered,2023-05-26,2023-05-26 09:00:00,2023-05-27,2023-06-07,2023-06-05
ord_55,cust_493,delivered,2023-01-02,2023-01-02 16:00:00,2023-01-04,2023-01-14,2023-01-12
ord_56,cust_561,delivered,2023-03-18,2023-03-18 19:00:00,2023-03-19,2023-03-28,2023-03-28
ord_57,cust_468,delivered,2023-05-12,2023-05-12 16:00:00,2023-05-13,2023-05-15,2023-05-22
ord_58,cust_766,delivered,2023-03-31,2023-03-31 07:00:00,2023-04-02,2023-04-11,2023-04-10
ord_59,cust_660,delivered,2023-12-11,2023-12-11 14:00:00,2023-12-13,2023-12-21,2023-12-21
ord_60,cust_324,delivered,2023-12-16,2023-12-16 14:00:00,2023-12-18,2023-12-19,2023-12-26
ord_61,cust_303,delivered,2023-09-20,2023-09-20 04:00:00,2023-09-21,2023-10-03,2023-09-30
ord_62,cust_275,delivered,2023-12-17,2023-12-17 15:00:00,2023-12-18,2023-12-26,2023-12-27
ord_63,cust_683,delivered,2023-04-18,2023-04-18 03:00:00,2023-04-19,2023-04-28,2023-04-28
ord_64,cust_200,delivered,2023-03-15,2023-03-15 05:00:00,2023-03-16,2023-03-28,2023-03-25
ord_65,cust_444,delivered,2023-02-08,2023-02-08 01:00:00,2023-02-09,2023-02-19,2023-02-18
ord_66,cust_323,delivered,2023-06-08,2023-06-08 03:00:00,2023-06-10,2023-06-18,2023-06-18
ord_67,cust_34,delivered,2023-03-12,2023-03-12 15:00:00,2023-03-13,2023-03-23,2023-03-22
ord_68,cust_481,delivered,2023-11-08,2023-11-08 08:00:00,2023-11-09,2023-11-18,2023-11-18
ord_69,cust_727,delivered,2023-08-29,2023-08-29 04:00:00,2023-08-30,2023-09-01,2023-09-08
ord_70,cust_479,delivered,2023-10-25,2023-10-25 02:00:00,2023-10-27,2023-10-30,2023-11-04
ord_71,cust_64,delivered,2023-02-05,2023-02-05 10:00:00,2023-02-07,2023-02-13,2023-02-15
ord_72,cust_7,delivered,2023-03-25,2023-03-25 04:00:00,2023-03-27,2023-04-07,2023-04-04
ord_73,cust_300,delivered,2023-09-20,2023-09-20 03:00:00,2023-09-21,2023-09-23,2023-09-30
ord_74,cust_342,delivered,2023-11-06,2023-11-06 02:00:00,2023-11-08,2023-11-08,2023-11-16
ord_75,cust_430,delivered,2023-06-21,2023-06-21 17:00:00,2023-06-23,2023-06-25,2023-07-01
ord_76,cust_423,delivered,2023-06-22,2023-06-22 23:00:00,2023-06-24,2023-07-05,2023-07-02
ord_77,cust_331,delivered,2023-12-28,2023-12-28 21:00:00,2023-12-29,2024-01-02,2024-01-07
ord_78,cust_437,delivered,2023-02-16,2023-02-16 20:00:00,2023-02-18,2023-02-25,2023-02-26
ord_79,cust_587,delivered,2023-05-21,2023-05-21 23:00:00,2023-05-22,2023-05-28,2023-05-31
ord_80,cust_173,delivered,2023-04-28,2023-04-28 13:00:00,2023-04-29,2023-05-10,2023-05-08
ord_81,cust_558,delivered,2023-10-04,2023-10-04 05:00:00,2023-10-06,2023-10-07,2023-10-14
ord_82,cust_526,delivered,2023-08-02,2023-08-02 21:00:00,2023-08-03,2023-08-12,2023-08-12
ord_83,cust_658,delivered,2023-08-08,2023-08-08 09:00:00,2023-08-10,2023-08-11,2023-08-18
ord_84,cust_25,delivered,2023-01-26,2023-01-26 22:00:00,2023-01-27,2023-02-09,2023-02-05
ord_85,cust_604,delivered,2023-01-09,2023-01-09 06:00:00,2023-01-11,2023-01-22,2023-01-19
ord_86,cust_405,delivered,2023-09-28,2023-09-28 05:00:00,2023-09-30,2023-10-04,2023-10-08
ord_87,cust_231,delivered,2023-01-10,2023-01-10 10:00:00,2023-01-12,2023-01-23,2023-01-20
ord_88,cust_532,delivered,2023-05-01,2023-05-01 08:00:00,2023-05-02,2023-05-06,2023-05-11
ord_89,cust_549,delivered,2023-05-05,2023-05-05 07:00:00,2023-05-07,2023-05-19,2023-05-15
ord_90,cust_787,delivered,2023-06-19,2023-06-19 07:00:00,2023-06-20,2023-06-27,2023-06-29
ord_91,cust_504,delivered,2023-03-13,2023-03-13 06:00:00,2023-03-15,2023-03-22,2023-03-23
ord_92,cust_668,delivered,2023-06-01,2023-06-01 21:00:00,2023-06-02,2023-06-07,2023-06-11
ord_93,cust_178,delivered,2023-07-27,2023-07-27 20:00:00,2023-07-28,2023-08-07,2023-08-06
ord_94,cust_131,delivered,2023-02-18,2023-02-18 03:00:00,2023-02-20,2023-02-24,2023-02-28
ord_95,cust_454,delivered,2023-06-03,2023-06-03 19:00:00,2023-06-05,2023-06-06,2023-06-13
ord_96,cust_347,delivered,2023-12-13,2023-12-13 22:00:00,2023-12-15,2023-12-22,2023-12-23
ord_97,cust_539,delivered,2023-10-20,2023-10-20 15:00:00,2023-10-22,2023-10-23,2023-10-30
ord_98,cust_771,delivered,2023-03-09,2023-03-09 04:00:00,2023-03-11,2023-03-20,2023-03-19
ord_99,cust_405,delivered,2023-02-19,2023-02-19 12:00:00,2023-02-20,2023-03-04,2023-03-01
ord_100,cust_75,delivered,2023-06-01,2023-06-01 06:00:00,2023-06-03,2023-06-08,2023-06-11
ord_101,cust_578,delivered,2023-01-19,2023-01-19 19:00:00,2023-01-21,2023-01-28,2023-01-29
ord_102,cust_491,delivered,2023-04-10,2023-04-10 04:00:00,2023-04-11,2023-04-17,2023-04-20
ord_103,cust_193,delivered,2023-03-01,2023-03-01 15:00:00,2023-03-03,2023-03-06,2023-03-11
ord_104,cust_161,delivered,2023-06-16,2023-06-16 09:00:00,2023-06-18,2023-06-30,2023-06-26
ord_105,cust_346,delivered,2023-07-21,2023-07-21 05:00:00,2023-07-22,2023-07-26,2023-07-31
ord_106,cust_360,delivered,2023-12-11,2023-12-11 13:00:00,2023-12-13,2023-12-18,2023-12-21
ord_107,cust_768,delivered,2023-05-26,2023-05-26 23:00:00,2023-05-28,2023-06-09,2023-06-05
ord_108,cust_583,delivered,2023-06-13,2023-06-13 18:00:00,2023-06-15,2023-06-18,2023-06-23
ord_109,cust_86,delivered,2023-08-30,2023-08-30 05:00:00,2023-08-31,2023-09-08,2023-09-09
ord_110,cust_261,delivered,2023-03-10,2023-03-10 16:00:00,2023-03-12,2023-03-20,2023-03-20
ord_111,cust_213,delivered,2023-06-24,2023-06-24 19:00:00,2023-06-25,2023-06-26,2023-07-04
ord_112,cust_664,delivered,2023-02-18,2023-02-18 14:00:00,2023-02-20,2023-03-04,2023-02-28
ord_113,cust_721,delivered,2023-04-18,2023-04-18 16:00:00,2023-04-19,2023-04-23,2023-04-28
ord_114,cust_572,delivered,2023-08-14,2023-08-14 15:00:00,2023-08-16,2023-08-19,2023-08-24
ord_115,cust_779,delivered,2023-06-10,2023-06-10 22:00:00,2023-06-11,2023-06-13,2023-06-20
ord_116,cust_261,delivered,2023-04-29,2023-04-29 04:00:00,2023-04-30,2023-05-06,2023-05-09
ord_117,cust_729,delivered,2023-05-29,2023-05-29 07:00:00,2023-05-30,2023-06-02,2023-06-08
ord_118,cust_282,delivered,2023-05-30,2023-05-30 16:00:00,2023-05-31,2023-06-07,2023-06-09
ord_119,cust_647,delivered,2023-10-20,2023-10-20 22:00:00,2023-10-21,2023-11-03,2023-10-30
ord_120,cust_466,delivered,2023-05-23,2023-05-23 21:00:00,2023-05-24,2023-06-04,2023-06-02
ord_121,cust_379,delivered,2023-06-09,2023-06-09 22:00:00,2023-06-11,2023-06-21,2023-06-19
ord_122,cust_361,delivered,2023-01-11,2023-01-11 21:00:00,2023-01-13,2023-01-17,2023-01-21
ord_123,cust_448,delivered,2023-05-18,2023-05-18 08:00:00,2023-05-19,2023-05-23,2023-05-28
ord_124,cust_440,delivered,2023-03-19,2023-03-19 17:00:00,2023-03-20,2023-03-25,2023-03-29
ord_125,cust_92,delivered,2023-03-18,2023-03-18 16:00:00,2023-03-19,2023-03-27,2023-03-28
ord_126,cust_620,delivered,2023-09-11,2023-09-11 23:00:00,2023-09-12,2023-09-15,2023-09-21
ord_127,cust_752,delivered,2023-09-15,2023-09-15 10:00:00,2023-09-17,2023-09-23,2023-09-25
ord_128,cust_423,delivered,2023-11-16,2023-11-16 10:00:00,2023-11-17,2023-11-23,2023-11-26
ord_129,cust_141,delivered,2023-10-18,2023-10-18 02:00:00,2023-10-20,2023-10-31,2023-10-28
ord_130,cust_290,delivered,2023-09-20,2023-09-20 09:00:00,2023-09-22,2023-09-22,2023-09-30
ord_131,cust_431,delivered,2023-03-26,2023-03-26 17:00:00,2023-03-27,2023-04-09,2023-04-05
ord_132,cust_748,delivered,2023-05-26,2023-05-26 11:00:00,2023-05-27,2023-06-03,2023-06-05
ord_133,cust_688,delivered,2023-11-19,2023-11-19 10:00:00,2023-11-21,2023-12-03,2023-11-29
ord_134,cust_652,delivered,2023-02-11,2023-02-11 22:00:00,2023-02-13,2023-02-19,2023-02-21
ord_135,cust_700,delivered,2023-05-05,2023-05-05 17:00:00,2023-05-06,2023-05-18,2023-05-15
ord_136,cust_48,delivered,2023-06-16,2023-06-16 04:00:00,2023-06-17,2023-06-18,2023-06-26
ord_137,cust_301,delivered,2023-08-29,2023-08-29 16:00:00,2023-08-30,2023-09-08,2023-09-08
ord_138,cust_189,delivered,2023-10-07,2023-10-07 20:00:00,2023-10-09,2023-10-14,2023-10-17
ord_139,cust_135,delivered,2023-07-07,2023-07-07 15:00:00,2023-07-09,2023-07-20,2023-07-17
ord_140,cust_554,delivered,2023-10-29,2023-10-29 21:00:00,2023-10-30,2023-11-01,2023-11-08
ord_141,cust_403,delivered,2023-01-19,2023-01-19 05:00:00,2023-01-21,2023-01-25,2023-01-29
ord_142,cust_601,delivered,2023-03-09,2023-03-09 06:00:00,2023-03-11,2023-03-23,2023-03-19
ord_143,cust_340,delivered,2023-08-06,2023-08-06 17:00:00,2023-08-07,2023-08-18,2023-08-16
ord_144,cust_756,delivered,2023-04-12,2023-04-12 01:00:00,2023-04-13,2023-04-17,2023-04-22
ord_145,cust_703,delivered,2023-02-11,2023-02-11 19:00:00,2023-02-13,2023-02-19,2023-02-21
ord_146,cust_317,delivered,2023-10-15,2023-10-15 04:00:00,2023-10-17,2023-10-24,2023-10-25
ord_147,cust_617,delivered,2023-06-16,2023-06-16 17:00:00,2023-06-17,2023-06-28,2023-06-26
ord_148,cust_362,delivered,2023-04-19,2023-04-19 09:00:00,2023-04-20,2023-05-01,2023-04-29
ord_149,cust_381,delivered,2023-02-05,2023-02-05 02:00:00,2023-02-06,2023-02-07,2023-02-15
ord_150,cust_232,delivered,2023-08-20,2023-08-20 08:00:00,2023-08-21,2023-08-26,2023-08-30
ord_151,cust_776,delivered,2023-08-17,2023-08-17 15:00:00,2023-08-18,2023-08-21,2023-08-27
ord_152,cust_343,delivered,2023-12-19,2023-12-19 07:00:00,2023-12-21,2023-12-21,2023-12-29
ord_153,cust_548,delivered,2023-06-13,2023-06-13 06:00:00,2023-06-15,2023-06-26,2023-06-23
ord_154,cust_552,delivered,2023-03-14,2023-03-14 01:00:00,2023-03-16,2023-03-18,2023-03-24
ord_155,cust_528,delivered,2023-05-16,2023-05-16 15:00:00,2023-05-18,2023-05-23,2023-05-26
ord_156,cust_788,delivered,2023-12-19,2023-12-19 23:00:00,2023-12-20,2023-12-27,2023-12-29
ord_157,cust_570,delivered,2023-03-11,2023-03-11 07:00:00,2023-03-12,2023-03-20,2023-03-21
ord_158,cust_182,delivered,2023-07-15,2023-07-15 17:00:00,2023-07-16,2023-07-29,2023-07-25
ord_159,cust_40,delivered,2023-09-26,2023-09-26 02:00:00,2023-09-28,2023-10-08,2023-10-06
ord_160,cust_550,delivered,2023-02-18,2023-02-18 09:00:00,2023-02-20,2023-02-23,2023-02-28
ord_161,cust_396,delivered,2023-11-12,2023-11-12 09:00:00,2023-11-14,2023-11-16,2023-11-22
ord_162,cust_703,delivered,2023-05-10,2023-05-10 13:00:00,2023-05-11,2023-05-16,2023-05-20
ord_163,cust_778,delivered,2023-01-05,2023-01-05 06:00:00,2023-01-07,2023-01-15,2023-01-15
ord_164,cust_493,delivered,2023-01-27,2023-01-27 06:00:00,2023-01-28,2023-02-10,2023-02-06
ord_165,cust_658,delivered,2023-06-09,2023-06-09 20:00:00,2023-06-10,2023-06-16,2023-06-19
ord_166,cust_332,delivered,2023-05-29,2023-05-29 20:00:00,2023-05-30,2023-06-08,2023-06-08
ord_167,cust_126,delivered,2023-09-21,2023-09-21 21:00:00,2023-09-22,2023-09-28,2023-10-01
ord_168,cust_557,delivered,2023-08-18,2023-08-18 03:00:00,2023-08-19,2023-08-21,2023-08-28
ord_169,cust_556,delivered,2023-07-19,2023-07-19 17:00:00,2023-07-20,2023-08-02,2023-07-29
ord_170,cust_0,delivered,2023-02-19,2023-02-19 17:00:00,2023-02-21,2023-02-25,2023-03-01
ord_171,cust_167,delivered,2023-03-08,2023-03-08 12:00:00,2023-03-09,2023-03-21,2023-03-18
ord_172,cust_619,delivered,2023-10-27,2023-10-27 16:00:00,2023-10-28,2023-11-08,2023-11-06
ord_173,cust_18,delivered,2023-02-27,2023-02-27 15:00:00,2023-03-01,2023-03-09,2023-03-09
ord_174,cust_331,delivered,2023-09-16,2023-09-16 13:00:00,2023-09-17,2023-09-25,2023-09-26
ord_175,cust_583,delivered,2023-12-08,2023-12-08 23:00:00,2023-12-10,2023-12-16,2023-12-18
ord_176,cust_455,delivered,2023-11-22,2023-11-22 01:00:00,2023-11-24,2023-11-24,2023-12-02
ord_177,cust_108,delivered,2023-05-10,2023-05-10 17:00:00,2023-05-12,2023-05-15,2023-05-20
ord_178,cust_267,delivered,2023-08-03,2023-08-03 03:00:00,2023-08-04,2023-08-16,2023-08-13
ord_179,cust_444,delivered,2023-06-21,2023-06-21 15:00:00,2023-06-22,2023-06-29,2023-07-01
ord_180,cust_239,delivered,2023-09-15,2023-09-15 04:00:00,2023-09-17,2023-09-27,2023-09-25
ord_181,cust_300,delivered,2023-04-12,2023-04-12 04:00:00,2023-04-13,2023-04-20,2023-04-22
ord_182,cust_601,delivered,2023-07-28,2023-07-28 18:00:00,2023-07-29,2023-08-04,2023-08-07
ord_183,cust_102,delivered,2023-10-18,2023-10-18 17:00:00,2023-10-20,2023-10-27,2023-10-28
ord_184,cust_249,delivered,2023-12-20,2023-12-20 19:00:00,2023-12-22,2024-01-01,2023-12-30
ord_185,cust_452,delivered,2023-10-13,2023-10-13 11:00:00,2023-10-14,2023-10-27,2023-10-23
ord_186,cust_519,delivered,2023-04-26,2023-04-26 20:00:00,2023-04-28,2023-05-03,2023-05-06
ord_187,cust_152,delivered,2023-09-21,2023-09-21 03:00:00,2023-09-23,2023-10-02,2023-10-01
ord_188,cust_173,delivered,2023-05-30,2023-05-30 08:00:00,2023-06-01,2023-06-03,2023-06-09
ord_189,cust_342,delivered,2023-10-27,2023-10-27 14:00:00,2023-10-28,2023-11-01,2023-11-06
ord_190,cust_669,delivered,2023-02-05,2023-02-05 01:00:00,2023-02-06,2023-02-09,2023-02-15
ord_191,cust_430,delivered,2023-11-29,2023-11-29 14:00:00,2023-11-30,2023-12-01,2023-12-09
ord_192,cust_726,delivered,2023-10-14,2023-10-14 02:00:00,2023-10-16,2023-10-25,2023-10-24
ord_193,cust_688,delivered,2023-10-30,2023-10-30 23:00:00,2023-10-31,2023-11-05,2023-11-09
ord_194,cust_686,delivered,2023-11-07,2023-11-07 04:00:00,2023-11-09,2023-11-09,2023-11-17
ord_195,cust_657,delivered,2023-07-27,2023-07-27 19:00:00,2023-07-28,2023-07-29,2023-08-06
ord_196,cust_323,delivered,2023-04-16,2023-04-16 06:00:00,2023-04-17,2023-04-19,2023-04-26
ord_197,cust_672,delivered,2023-06-07,2023-06-07 01:00:00,2023-06-09,2023-06-21,2023-06-17
ord_198,cust_638,delivered,2023-05-01,2023-05-01 17:00:00,2023-05-02,2023-05-06,2023-05-11
ord_199,cust_419,delivered,2023-02-24,2023-02-24 08:00:00,2023-02-26,2023-03-03,2023-03-06
ord_200,cust_593,delivered,2023-01-12,2023-01-12 19:00:00,2023-01-13,2023-01-21,2023-01-22
ord_201,cust_484,delivered,2023-05-25,2023-05-25 21:00:00,2023-05-26,2023-06-08,2023-06-04
ord_202,cust_658,delivered,2023-05-16,2023-05-16 01:00:00,2023-05-18,2023-05-20,2023-05-26
ord_203,cust_750,delivered,2023-01-03,2023-01-03 05:00:00,2023-01-05,2023-01-05,2023-01-13
ord_204,cust_411,delivered,2023-05-24,2023-05-24 16:00:00,2023-05-26,2023-05-28,2023-06-03
ord_205,cust_83,delivered,2023-01-30,2023-01-30 06:00:00,2023-01-31,2023-02-12,2023-02-09
ord_206,cust_112,delivered,2023-08-25,2023-08-25 08:00:00,2023-08-26,2023-08-29,2023-09-04
ord_207,cust_736,delivered,2023-10-06,2023-10-06 13:00:00,2023-10-07,2023-10-12,2023-10-16
ord_208,cust_331,delivered,2023-12-14,2023-12-14 16:00:00,2023-12-16,2023-12-26,2023-12-24
ord_209,cust_377,delivered,2023-04-25,2023-04-25 03:00:00,2023-04-27,2023-05-08,2023-05-05
ord_210,cust_754,delivered,2023-04-14,2023-04-14 19:00:00,2023-04-16,2023-04-27,2023-04-24
ord_211,cust_654,delivered,2023-04-28,2023-04-28 12:00:00,2023-04-29,2023-05-03,2023-05-08
ord_212,cust_40,delivered,2023-01-05,2023-01-05 16:00:00,2023-01-06,2023-01-19,2023-01-15
ord_213,cust_769,delivered,2023-12-26,2023-12-26 11:00:00,2023-12-28,2023-12-31,2024-01-05
ord_214,cust_796,delivered,2023-09-05,2023-09-05 10:00:00,2023-09-06,2023-09-15,2023-09-15
ord_215,cust_104,delivered,2023-12-30,2023-12-30 20:00:00,2024-01-01,2024-01-07,2024-01-09
ord_216,cust_201,delivered,2023-11-17,2023-11-17 04:00:00,2023-11-18,2023-11-22,2023-11-27
ord_217,cust_449,delivered,2023-05-01,2023-05-01 12:00:00,2023-05-02,2023-05-05,2023-05-11
ord_218,cust_265,delivered,2023-10-13,2023-10-13 23:00:00,2023-10-15,2023-10-20,2023-10-23
ord_219,cust_209,delivered,2023-05-29,2023-05-29 02:00:00,2023-05-30,2023-06-02,2023-06-08
ord_220,cust_562,delivered,2023-03-25,2023-03-25 22:00:00,2023-03-26,2023-04-01,2023-04-04
ord_221,cust_117,delivered,2023-08-19,2023-08-19 19:00:00,2023-08-21,2023-08-31,2023-08-29
ord_222,cust_712,delivered,2023-10-15,2023-10-15 05:00:00,2023-10-17,2023-10-29,2023-10-25
ord_223,cust_376,delivered,2023-06-10,2023-06-10 08:00:00,2023-06-11,2023-06-22,2023-06-20
ord_224,cust_550,delivered,2023-09-29,2023-09-29 07:00:00,2023-10-01,2023-10-13,2023-10-09
ord_225,cust_539,delivered,2023-02-07,2023-02-07 14:00:00,2023-02-08,2023-02-21,2023-02-17
ord_226,cust_770,delivered,2023-08-14,2023-08-14 23:00:00,2023-08-16,2023-08-27,2023-08-24
ord_227,cust_83,delivered,2023-05-22,2023-05-22 03:00:00,2023-05-23,2023-06-01,2023-06-01
ord_228,cust_453,delivered,2023-10-19,2023-10-19 18:00:00,2023-10-20,2023-10-26,2023-10-29
ord_229,cust_666,delivered,2023-05-31,2023-05-31 16:00:00,2023-06-02,2023-06-13,2023-06-10
ord_230,cust_628,delivered,2023-04-24,2023-04-24 23:00:00,2023-04-25,2023-04-29,2023-05-04
ord_231,cust_513,delivered,2023-08-25,2023-08-25 19:00:00,2023-08-26,2023-08-31,2023-09-04
ord_232,cust_604,delivered,2023-03-07,2023-03-07 19:00:00,2023-03-09,2023-03-21,2023-03-17
ord_233,cust_677,delivered,2023-12-27,2023-12-27 18:00:00,2023-12-29,2024-01-03,2024-01-06
ord_234,cust_386,delivered,2023-12-07,2023-12-07 20:00:00,2023-12-08,2023-12-19,2023-12-17
ord_235,cust_349,delivered,2023-09-15,2023-09-15 16:00:00,2023-09-17,2023-09-19,2023-09-25
ord_236,cust_295,delivered,2023-09-06,2023-09-06 08:00:00,2023-09-08,2023-09-15,2023-09-16
ord_237,cust_257,delivered,2023-11-27,2023-11-27 01:00:00,2023-11-28,2023-12-02,2023-12-07
ord_238,cust_80,delivered,2023-11-19,2023-11-19 17:00:00,2023-11-20,2023-11-28,2023-11-29
ord_239,cust_267,delivered,2023-06-29,2023-06-29 12:00:00,2023-07-01,2023-07-10,2023-07-09
ord_240,cust_418,delivered,2023-07-09,2023-07-09 21:00:00,2023-07-11,2023-07-20,2023-07-19
ord_241,cust_234,delivered,2023-06-03,2023-06-03 11:00:00,2023-06-05,2023-06-07,2023-06-13
ord_242,cust_310,delivered,2023-07-15,2023-07-15 05:00:00,2023-07-16,2023-07-26,2023-07-25
ord_243,cust_356,delivered,2023-11-07,2023-11-07 12:00:00,2023-11-08,2023-11-15,2023-11-17
ord_244,cust_212,delivered,2023-09-19,2023-09-19 17:00:00,2023-09-20,2023-10-01,2023-09-29
ord_245,cust_573,delivered,2023-05-23,2023-05-23 06:00:00,2023-05-24,2023-06-06,2023-06-02
ord_246,cust_48,delivered,2023-12-08,2023-12-08 01:00:00,2023-12-09,2023-12-21,2023-12-18
ord_247,cust_126,delivered,2023-11-12,2023-11-12 05:00:00,2023-11-13,2023-11-22,2023-11-22
ord_248,cust_222,delivered,2023-04-11,2023-04-11 14:00:00,2023-04-12,2023-04-16,2023-04-21
ord_249,cust_278,delivered,2023-09-01,2023-09-01 05:00:00,2023-09-03,2023-09-10,2023-09-11
ord_250,cust_407,delivered,2023-01-12,2023-01-12 22:00:00,2023-01-14,2023-01-16,2023-01-22
ord_251,cust_504,delivered,2023-08-27,2023-08-27 01:00:00,2023-08-28,2023-09-04,2023-09-06
ord_252,cust_293,delivered,2023-02-18,2023-02-18 18:00:00,2023-02-19,2023-02-22,2023-02-28
ord_253,cust_795,delivered,2023-02-11,2023-02-11 16:00:00,2023-02-12,2023-02-24,2023-02-21
ord_254,cust_276,delivered,2023-06-15,2023-06-15 09:00:00,2023-06-17,2023-06-23,2023-06-25
ord_255,cust_437,delivered,2023-03-23,2023-03-23 19:00:00,2023-03-24,2023-04-04,2023-04-02
ord_256,cust_106,delivered,2023-10-18,2023-10-18 22:00:00,2023-10-20,2023-10-29,2023-10-28
ord_257,cust_657,delivered,2023-06-07,2023-06-07 05:00:00,2023-06-09,2023-06-18,2023-06-17
ord_258,cust_419,delivered,2023-08-04,2023-08-04 02:00:00,2023-08-06,2023-08-16,2023-08-14
ord_259,cust_610,delivered,2023-06-07,2023-06-07 15:00:00,2023-06-09,2023-06-19,2023-06-17
ord_260,cust_428,delivered,2023-05-14,2023-05-14 07:00:00,2023-05-16,2023-05-21,2023-05-24
ord_261,cust_374,delivered,2023-03-08,2023-03-08 04:00:00,2023-03-09,2023-03-11,2023-03-18
ord_262,cust_72,delivered,2023-12-02,2023-12-02 01:00:00,2023-12-03,2023-12-14,2023-12-12
ord_263,cust_633,delivered,2023-01-07,2023-01-07 13:00:00,2023-01-09,2023-01-11,2023-01-17
ord_264,cust_29,delivered,2023-01-14,2023-01-14 20:00:00,2023-01-15,2023-01-21,2023-01-24
ord_265,cust_187,delivered,2023-03-14,2023-03-14 22:00:00,2023-03-16,2023-03-19,2023-03-24
ord_266,cust_363,delivered,2023-06-12,2023-06-12 07:00:00,2023-06-14,2023-06-19,2023-06-22
ord_267,cust_799,delivered,2023-03-07,2023-03-07 15:00:00,2023-03-08,2023-03-09,2023-03-17
ord_268,cust_450,delivered,2023-12-13,2023-12-13 23:00:00,2023-12-14,2023-12-24,2023-12-23
ord_269,cust_194,delivered,2023-05-10,2023-05-10 14:00:00,2023-05-11,2023-05-23,2023-05-20
ord_270,cust_155,delivered,2023-07-25,2023-07-25 23:00:00,2023-07-26,2023-07-27,2023-08-04
ord_271,cust_171,delivered,2023-10-03,2023-10-03 19:00:00,2023-10-04,2023-10-07,2023-10-13
ord_272,cust_40,delivered,2023-09-13,2023-09-13 22:00:00,2023-09-15,2023-09-22,2023-09-23
ord_273,cust_62,delivered,2023-09-23,2023-09-23 20:00:00,2023-09-24,2023-10-02,2023-10-03
ord_274,cust_22,delivered,2023-01-25,2023-01-25 18:00:00,2023-01-26,2023-02-06,2023-02-04
ord_275,cust_359,delivered,2023-10-08,2023-10-08 10:00:00,2023-10-09,2023-10-13,2023-10-18
ord_276,cust_74,delivered,2023-09-10,2023-09-10 09:00:00,2023-09-12,2023-09-17,2023-09-20
ord_277,cust_559,delivered,2023-11-06,2023-11-06 08:00:00,2023-11-07,2023-11-15,2023-11-16
ord_278,cust_671,delivered,2023-10-16,2023-10-16 10:00:00,2023-10-18,2023-10-24,2023-10-26
ord_279,cust_117,delivered,2023-06-13,2023-06-13 17:00:00,2023-06-14,2023-06-25,2023-06-23
ord_280,cust_611,delivered,2023-04-05,2023-04-05 02:00:00,2023-04-06,2023-04-13,2023-04-15
ord_281,cust_379,delivered,2023-09-27,2023-09-27 06:00:00,2023-09-29,2023-10-11,2023-10-07
ord_282,cust_678,delivered,2023-11-17,2023-11-17 05:00:00,2023-11-18,2023-11-22,2023-11-27
ord_283,cust_289,delivered,2023-04-20,2023-04-20 09:00:00,2023-04-21,2023-04-30,2023-04-30
ord_284,cust_439,delivered,2023-12-02,2023-12-02 05:00:00,2023-12-04,2023-12-15,2023-12-12
ord_285,cust_667,delivered,2023-11-06,2023-11-06 18:00:00,2023-11-07,2023-11-17,2023-11-16
ord_286,cust_6,delivered,2023-08-26,2023-08-26 20:00:00,2023-08-28,2023-09-02,2023-09-05
ord_287,cust_195,delivered,2023-01-25,2023-01-25 09:00:00,2023-01-27,2023-02-07,2023-02-04
ord_288,cust_420,delivered,2023-05-21,2023-05-21 17:00:00,2023-05-23,2023-06-02,2023-05-31
ord_289,cust_567,delivered,2023-04-27,2023-04-27 17:00:00,2023-04-29,2023-05-01,2023-05-07
ord_290,cust_192,delivered,2023-01-25,2023-01-25 12:00:00,2023-01-27,2023-01-31,2023-02-04
ord_291,cust_558,delivered,2023-03-20,2023-03-20 07:00:00,2023-03-21,2023-03-26,2023-03-30
ord_292,cust_147,delivered,2023-03-09,2023-03-09 03:00:00,2023-03-10,2023-03-15,2023-03-19
ord_293,cust_786,delivered,2023-06-22,2023-06-22 10:00:00,2023-06-23,2023-07-01,2023-07-02
ord_294,cust_668,delivered,2023-01-12,2023-01-12 02:00:00,2023-01-14,2023-01-22,2023-01-22
ord_295,cust_201,delivered,2023-10-15,2023-10-15 03:00:00,2023-10-17,2023-10-29,2023-10-25
ord_296,cust_443,delivered,2023-05-08,2023-05-08 16:00:00,2023-05-10,2023-05-18,2023-05-18
ord_297,cust_418,delivered,2023-04-06,2023-04-06 02:00:00,2023-04-08,2023-04-20,2023-04-16
ord_298,cust_426,delivered,2023-04-02,2023-04-02 10:00:00,2023-04-03,2023-04-09,2023-04-12
ord_299,cust_478,delivered,2023-05-21,2023-05-21 06:00:00,2023-05-22,2023-05-28,2023-05-31
ord_300,cust_474,delivered,2023-01-31,2023-01-31 22:00:00,2023-02-02,2023-02-10,2023-02-10
ord_301,cust_125,delivered,2023-11-30,2023-11-30 11:00:00,2023-12-02,2023-12-05,2023-12-10
ord_302,cust_394,delivered,2023-01-20,2023-01-20 23:00:00,2023-01-21,2023-01-27,2023-01-30
ord_303,cust_575,delivered,2023-05-26,2023-05-26 07:00:00,2023-05-28,2023-05-31,2023-06-05
ord_304,cust_324,delivered,2023-11-12,2023-11-12 15:00:00,2023-11-14,2023-11-24,2023-11-22
ord_305,cust_391,delivered,2023-06-09,2023-06-09 06:00:00,2023-06-11,2023-06-11,2023-06-19
ord_306,cust_687,delivered,2023-12-15,2023-12-15 20:00:00,2023-12-16,2023-12-23,2023-12-25
ord_307,cust_627,delivered,2023-02-12,2023-02-12 09:00:00,2023-02-13,2023-02-23,2023-02-22
ord_308,cust_439,delivered,2023-09-11,2023-09-11 22:00:00,2023-09-13,2023-09-23,2023-09-21
ord_309,cust_203,delivered,2023-05-10,2023-05-10 20:00:00,2023-05-11,2023-05-23,2023-05-20
ord_310,cust_485,delivered,2023-03-01,2023-03-01 12:00:00,2023-03-03,2023-03-08,2023-03-11
ord_311,cust_30,delivered,2023-05-31,2023-05-31 19:00:00,2023-06-02,2023-06-10,2023-06-10
ord_312,cust_387,delivered,2023-10-14,2023-10-14 20:00:00,2023-10-15,2023-10-22,2023-10-24
ord_313,cust_624,delivered,2023-01-05,2023-01-05 03:00:00,2023-01-07,2023-01-19,2023-01-15
ord_314,cust_433,delivered,2023-09-23,2023-09-23 15:00:00,2023-09-25,2023-10-01,2023-10-03
ord_315,cust_375,delivered,2023-12-11,2023-12-11 02:00:00,2023-12-12,2023-12-14,2023-12-21
ord_316,cust_343,delivered,2023-05-10,2023-05-10 21:00:00,2023-05-12,2023-05-23,2023-05-20
ord_317,cust_442,delivered,2023-09-24,2023-09-24 02:00:00,2023-09-26,2023-10-06,2023-10-04
ord_318,cust_578,delivered,2023-06-27,2023-06-27 22:00:00,2023-06-29,2023-07-07,2023-07-07
ord_319,cust_74,delivered,2023-09-10,2023-09-10 03:00:00,2023-09-11,2023-09-21,2023-09-20
ord_320,cust_556,delivered,2023-02-25,2023-02-25 06:00:00,2023-02-27,2023-03-07,2023-03-07
ord_321,cust_771,delivered,2023-03-24,2023-03-24 15:00:00,2023-03-25,2023-03-31,2023-04-03
ord_322,cust_665,delivered,2023-04-09,2023-04-09 10:00:00,2023-04-11,2023-04-23,2023-04-19
ord_323,cust_154,delivered,2023-05-29,2023-05-29 09:00:00,2023-05-31,2023-06-02,2023-06-08
ord_324,cust_429,delivered,2023-11-25,2023-11-25 01:00:00,2023-11-27,2023-11-27,2023-12-05
ord_325,cust_362,delivered,2023-06-05,2023-06-05 16:00:00,2023-06-07,2023-06-10,2023-06-15
ord_326,cust_447,delivered,2023-07-09,2023-07-09 06:00:00,2023-07-10,2023-07-13,2023-07-19
ord_327,cust_233,delivered,2023-09-20,2023-09-20 09:00:00,2023-09-21,2023-10-03,2023-09-30
ord_328,cust_562,delivered,2023-03-21,2023-03-21 04:00:00,2023-03-23,2023-03-23,2023-03-31
ord_329,cust_261,delivered,2023-09-09,2023-09-09 02:00:00,2023-09-11,2023-09-13,2023-09-19
ord_330,cust_124,delivered,2023-04-07,2023-04-07 04:00:00,2023-04-09,2023-04-12,2023-04-17
ord_331,cust_244,delivered,2023-09-17,2023-09-17 01:00:00,2023-09-19,2023-10-01,2023-09-27
ord_332,cust_541,delivered,2023-09-17,2023-09-17 19:00:00,2023-09-19,2023-10-01,2023-09-27
ord_333,cust_484,delivered,2023-04-13,2023-04-13 10:00:00,2023-04-15,2023-04-22,2023-04-23
ord_334,cust_121,delivered,2023-02-09,2023-02-09 21:00:00,2023-02-11,2023-02-19,2023-02-19
ord_335,cust_124,delivered,2023-09-30,2023-09-30 15:00:00,2023-10-02,2023-10-04,2023-10-10
ord_336,cust_548,delivered,2023-04-11,2023-04-11 22:00:00,2023-04-12,2023-04-18,2023-04-21
ord_337,cust_169,delivered,2023-12-25,2023-12-25 19:00:00,2023-12-26,2024-01-05,2024-01-04
ord_338,cust_123,delivered,2023-11-04,2023-11-04 16:00:00,2023-11-05,2023-11-16,2023-11-14
ord_339,cust_34,delivered,2023-08-09,2023-08-09 21:00:00,2023-08-11,2023-08-15,2023-08-19
ord_340,cust_86,delivered,2023-11-04,2023-11-04 22:00:00,2023-11-06,2023-11-11,2023-11-14
ord_341,cust_645,delivered,2023-05-04,2023-05-04 04:00:00,2023-05-06,2023-05-09,2023-05-14
ord_342,cust_707,delivered,2023-08-19,2023-08-19 02:00:00,2023-08-20,2023-08-30,2023-08-29
ord_343,cust_785,delivered,2023-06-27,2023-06-27 13:00:00,2023-06-29,2023-07-04,2023-07-07
ord_344,cust_200,delivered,2023-03-04,2023-03-04 01:00:00,2023-03-05,2023-03-12,2023-03-14
ord_345,cust_368,delivered,2023-04-26,2023-04-26 17:00:00,2023-04-28,2023-05-06,2023-05-06
ord_346,cust_796,delivered,2023-07-10,2023-07-10 13:00:00,2023-07-11,2023-07-21,2023-07-20
ord_347,cust_76,delivered,2023-03-03,2023-03-03 04:00:00,2023-03-04,2023-03-11,2023-03-13
ord_348,cust_58,delivered,2023-09-13,2023-09-13 07:00:00,2023-09-14,2023-09-20,2023-09-23
ord_349,cust_430,delivered,2023-01-07,2023-01-07 17:00:00,2023-01-09,2023-01-09,2023-01-17
ord_350,cust_637,delivered,2023-06-04,2023-06-04 09:00:00,2023-06-05,2023-06-07,2023-06-14
ord_351,cust_499,delivered,2023-04-02,2023-04-02 04:00:00,2023-04-04,2023-04-04,2023-04-12
ord_352,cust_108,delivered,2023-01-14,2023-01-14 19:00:00,2023-01-16,2023-01-24,2023-01-24
ord_353,cust_735,delivered,2023-08-17,2023-08-17 01:00:00,2023-08-19,2023-08-28,2023-08-27
ord_354,cust_277,delivered,2023-03-27,2023-03-27 10:00:00,2023-03-29,2023-04-07,2023-04-06
ord_355,cust_67,delivered,2023-05-13,2023-05-13 04:00:00,2023-05-15,2023-05-23,2023-05-23
ord_356,cust_68,delivered,2023-07-02,2023-07-02 09:00:00,2023-07-03,2023-07-10,2023-07-12
ord_357,cust_164,delivered,2023-03-03,2023-03-03 13:00:00,2023-03-05,2023-03-17,2023-03-13
ord_358,cust_488,delivered,2023-08-07,2023-08-07 14:00:00,2023-08-09,2023-08-10,2023-08-17
ord_359,cust_304,delivered,2023-09-03,2023-09-03 10:00:00,2023-09-05,2023-09-10,2023-09-13
ord_360,cust_673,delivered,2023-08-18,2023-08-18 06:00:00,2023-08-20,2023-08-30,2023-08-28
ord_361,cust_364,delivered,2023-03-20,2023-03-20 16:00:00,2023-03-22,2023-03-25,2023-03-30
ord_362,cust_378,delivered,2023-05-29,2023-05-29 06:00:00,2023-05-30,2023-05-31,2023-06-08
ord_363,cust_342,delivered,2023-05-18,2023-05-18 17:00:00,2023-05-19,2023-05-20,2023-05-28
ord_364,cust_553,delivered,2023-11-10,2023-11-10 10:00:00,2023-11-12,2023-11-23,2023-11-20
ord_365,cust_353,delivered,2023-03-06,2023-03-06 18:00:00,2023-03-07,2023-03-12,2023-03-16
ord_366,cust_415,delivered,2023-01-13,2023-01-13 22:00:00,2023-01-14,2023-01-26,2023-01-23
ord_367,cust_108,delivered,2023-08-01,2023-08-01 18:00:00,2023-08-03,2023-08-04,2023-08-11
ord_368,cust_562,delivered,2023-08-30,2023-08-30 03:00:00,2023-08-31,2023-09-04,2023-09-09
ord_369,cust_761,delivered,2023-08-01,2023-08-01 20:00:00,2023-08-03,2023-08-03,2023-08-11
ord_370,cust_496,delivered,2023-06-30,2023-06-30 21:00:00,2023-07-01,2023-07-05,2023-07-10
ord_371,cust_340,delivered,2023-12-04,2023-12-04 15:00:00,2023-12-05,2023-12-16,2023-12-14
ord_372,cust_382,delivered,2023-06-22,2023-06-22 15:00:00,2023-06-23,2023-06-29,2023-07-02
ord_373,cust_532,delivered,2023-06-09,2023-06-09 04:00:00,2023-06-11,2023-06-20,2023-06-19
ord_374,cust_299,delivered,2023-06-13,2023-06-13 09:00:00,2023-06-14,2023-06-18,2023-06-23
ord_375,cust_138,delivered,2023-07-07,2023-07-07 19:00:00,2023-07-08,2023-07-09,2023-07-17
ord_376,cust_358,delivered,2023-07-10,2023-07-10 17:00:00,2023-07-12,2023-07-18,2023-07-20
ord_377,cust_498,delivered,2023-11-04,2023-11-04 11:00:00,2023-11-06,2023-11-07,2023-11-14
ord_378,cust_384,delivered,2023-09-13,2023-09-13 09:00:00,2023-09-14,2023-09-23,2023-09-23
ord_379,cust_603,delivered,2023-07-02,2023-07-02 10:00:00,2023-07-04,2023-07-16,2023-07-12
ord_380,cust_279,delivered,2023-04-27,2023-04-27 18:00:00,2023-04-28,2023-05-01,2023-05-07
ord_381,cust_636,delivered,2023-10-09,2023-10-09 20:00:00,2023-10-10,2023-10-18,2023-10-19
ord_382,cust_482,delivered,2023-07-15,2023-07-15 13:00:00,2023-07-17,2023-07-29,2023-07-25
ord_383,cust_110,delivered,2023-02-03,2023-02-03 08:00:00,2023-02-05,2023-02-12,2023-02-13
ord_384,cust_138,delivered,2023-02-21,2023-02-21 07:00:00,2023-02-23,2023-02-25,2023-03-03
ord_385,cust_434,delivered,2023-04-22,2023-04-22 17:00:00,2023-04-23,2023-04-27,2023-05-02
ord_386,cust_508,delivered,2023-09-09,2023-09-09 21:00:00,2023-09-11,2023-09-12,2023-09-19
ord_387,cust_272,delivered,2023-03-23,2023-03-23 23:00:00,2023-03-24,2023-03-28,2023-04-02
ord_388,cust_98,delivered,2023-08-20,2023-08-20 15:00:00,2023-08-22,2023-09-01,2023-08-30
ord_389,cust_763,delivered,2023-08-15,2023-08-15 20:00:00,2023-08-16,2023-08-27,2023-08-25
ord_390,cust_103,delivered,2023-08-21,2023-08-21 15:00:00,2023-08-23,2023-09-02,2023-08-31
ord_391,cust_213,delivered,2023-08-09,2023-08-09 01:00:00,2023-08-10,2023-08-19,2023-08-19
ord_392,cust_760,delivered,2023-02-11,2023-02-11 14:00:00,2023-02-13,2023-02-14,2023-02-21
ord_393,cust_663,delivered,2023-01-21,2023-01-21 05:00:00,2023-01-22,2023-02-03,2023-01-31
ord_394,cust_761,delivered,2023-02-11,2023-02-11 11:00:00,2023-02-13,2023-02-24,2023-02-21
ord_395,cust_786,delivered,2023-04-23,2023-04-23 16:00:00,2023-04-25,2023-05-07,2023-05-03
ord_396,cust_164,delivered,2023-04-15,2023-04-15 02:00:00,2023-04-16,2023-04-19,2023-04-25
ord_397,cust_519,delivered,2023-07-11,2023-07-11 08:00:00,2023-07-13,2023-07-23,2023-07-21
ord_398,cust_283,delivered,2023-01-17,2023-01-17 11:00:00,2023-01-18,2023-01-29,2023-01-27
ord_399,cust_516,delivered,2023-04-30,2023-04-30 18:00:00,2023-05-01,2023-05-05,2023-05-10
ord_400,cust_656,delivered,2023-05-09,2023-05-09 03:00:00,2023-05-11,2023-05-15,2023-05-19
ord_401,cust_612,delivered,2023-05-10,2023-05-10 01:00:00,2023-05-11,2023-05-12,2023-05-20
ord_402,cust_163,delivered,2023-03-01,2023-03-01 11:00:00,2023-03-03,2023-03-09,2023-03-11
ord_403,cust_658,delivered,2023-02-17,2023-02-17 16:00:00,2023-02-19,2023-02-28,2023-02-27
ord_404,cust_63,delivered,2023-01-29,2023-01-29 18:00:00,2023-01-30,2023-02-06,2023-02-08
ord_405,cust_90,delivered,2023-04-07,2023-04-07 16:00:00,2023-04-09,2023-04-17,2023-04-17
ord_406,cust_116,delivered,2023-01-10,2023-01-10 23:00:00,2023-01-11,2023-01-15,2023-01-20
ord_407,cust_266,delivered,2023-08-30,2023-08-30 10:00:00,2023-08-31,2023-09-06,2023-09-09
ord_408,cust_684,delivered,2023-11-10,2023-11-10 18:00:00,2023-11-12,2023-11-22,2023-11-20
ord_409,cust_558,delivered,2023-08-20,2023-08-20 06:00:00,2023-08-22,2023-08-23,2023-08-30
ord_410,cust_139,delivered,2023-10-04,2023-10-04 19:00:00,2023-10-05,2023-10-17,2023-10-14
ord_411,cust_245,delivered,2023-10-11,2023-10-11 04:00:00,2023-10-12,2023-10-24,2023-10-21
ord_412,cust_660,delivered,2023-07-22,2023-07-22 13:00:00,2023-07-24,2023-07-27,2023-08-01
ord_413,cust_757,delivered,2023-09-04,2023-09-04 14:00:00,2023-09-06,2023-09-07,2023-09-14
ord_414,cust_394,delivered,2023-10-17,2023-10-17 03:00:00,2023-10-19,2023-10-28,2023-10-27
ord_415,cust_486,delivered,2023-09-21,2023-09-21 10:00:00,2023-09-23,2023-09-27,2023-10-01
ord_416,cust_475,delivered,2023-08-02,2023-08-02 06:00:00,2023-08-03,2023-08-10,2023-08-12
ord_417,cust_516,delivered,2023-07-19,2023-07-19 01:00:00,2023-07-21,2023-08-02,2023-07-29
ord_418,cust_183,delivered,2023-03-20,2023-03-20 23:00:00,2023-03-21,2023-03-22,2023-03-30
ord_419,cust_19,delivered,2023-12-09,2023-12-09 14:00:00,2023-12-10,2023-12-20,2023-12-19
ord_420,cust_557,delivered,2023-12-10,2023-12-10 08:00:00,2023-12-12,2023-12-21,2023-12-20
ord_421,cust_523,delivered,2023-06-22,2023-06-22 19:00:00,2023-06-23,2023-06-30,2023-07-02
ord_422,cust_581,delivered,2023-03-10,2023-03-10 14:00:00,2023-03-12,2023-03-21,2023-03-20
ord_423,cust_528,delivered,2023-03-28,2023-03-28 10:00:00,2023-03-29,2023-04-11,2023-04-07
ord_424,cust_146,delivered,2023-04-11,2023-04-11 17:00:00,2023-04-13,2023-04-18,2023-04-21
ord_425,cust_665,delivered,2023-01-08,2023-01-08 09:00:00,2023-01-09,2023-01-15,2023-01-18
ord_426,cust_303,delivered,2023-11-29,2023-11-29 06:00:00,2023-11-30,2023-12-12,2023-12-09
ord_427,cust_619,delivered,2023-07-19,2023-07-19 11:00:00,2023-07-21,2023-07-28,2023-07-29
ord_428,cust_747,delivered,2023-03-28,2023-03-28 07:00:00,2023-03-30,2023-04-06,2023-04-07
ord_429,cust_581,delivered,2023-02-12,2023-02-12 17:00:00,2023-02-13,2023-02-19,2023-02-22
ord_430,cust_694,delivered,2023-04-19,2023-04-19 01:00:00,2023-04-20,2023-04-23,2023-04-29
ord_431,cust_761,delivered,2023-06-01,2023-06-01 22:00:00,2023-06-03,2023-06-07,2023-06-11
ord_432,cust_227,delivered,2023-01-17,2023-01-17 05:00:00,2023-01-18,2023-01-20,2023-01-27
ord_433,cust_101,delivered,2023-05-13,2023-05-13 09:00:00,2023-05-15,2023-05-19,2023-05-23
ord_434,cust_586,delivered,2023-05-28,2023-05-28 18:00:00,2023-05-29,2023-06-07,2023-06-07
ord_435,cust_416,delivered,2023-10-04,2023-10-04 21:00:00,2023-10-06,2023-10-15,2023-10-14
ord_436,cust_215,delivered,2023-08-20,2023-08-20 02:00:00,2023-08-21,2023-08-22,2023-08-30
ord_437,cust_406,delivered,2023-11-10,2023-11-10 11:00:00,2023-11-12,2023-11-21,2023-11-20
ord_438,cust_398,delivered,2023-08-16,2023-08-16 06:00:00,2023-08-18,2023-08-22,2023-08-26
ord_439,cust_714,delivered,2023-05-19,2023-05-19 08:00:00,2023-05-20,2023-06-01,2023-05-29
ord_440,cust_703,delivered,2023-07-30,2023-07-30 04:00:00,2023-08-01,2023-08-06,2023-08-09
ord_441,cust_760,delivered,2023-01-28,2023-01-28 18:00:00,2023-01-29,2023-02-09,2023-02-07
ord_442,cust_498,delivered,2023-02-20,2023-02-20 11:00:00,2023-02-22,2023-02-28,2023-03-02
ord_443,cust_753,delivered,2023-09-18,2023-09-18 05:00:00,2023-09-20,2023-09-28,2023-09-28
ord_444,cust_464,delivered,2023-09-18,2023-09-18 15:00:00,2023-09-20,2023-09-25,2023-09-28
ord_445,cust_690,delivered,2023-12-16,2023-12-16 18:00:00,2023-12-17,2023-12-22,2023-12-26
ord_446,cust_730,delivered,2023-12-18,2023-12-18 02:00:00,2023-12-20,2023-12-31,2023-12-28
ord_447,cust_81,delivered,2023-01-08,2023-01-08 22:00:00,2023-01-09,2023-01-16,2023-01-18
ord_448,cust_603,delivered,2023-11-16,2023-11-16 11:00:00,2023-11-18,2023-11-30,2023-11-26
ord_449,cust_686,delivered,2023-05-18,2023-05-18 13:00:00,2023-05-19,2023-05-20,2023-05-28
ord_450,cust_750,delivered,2023-02-07,2023-02-07 04:00:00,2023-02-08,2023-02-19,2023-02-17
ord_451,cust_771,delivered,2023-04-21,2023-04-21 22:00:00,2023-04-22,2023-04-27,2023-05-01
ord_452,cust_364,delivered,2023-08-08,2023-08-08 07:00:00,2023-08-10,2023-08-11,2023-08-18
ord_453,cust_162,delivered,2023-12-03,2023-12-03 11:00:00,2023-12-04,2023-12-08,2023-12-13
ord_454,cust_47,delivered,2023-08-11,2023-08-11 22:00:00,2023-08-13,2023-08-19,2023-08-21
ord_455,cust_510,delivered,2023-05-16,2023-05-16 04:00:00,2023-05-17,2023-05-22,2023-05-26
ord_456,cust_328,delivered,2023-09-13,2023-09-13 15:00:00,2023-09-14,2023-09-26,2023-09-23
ord_457,cust_115,delivered,2023-12-26,2023-12-26 01:00:00,2023-12-27,2024-01-02,2024-01-05
ord_458,cust_336,delivered,2023-11-25,2023-11-25 23:00:00,2023-11-26,2023-11-28,2023-12-05
ord_459,cust_736,delivered,2023-02-18,2023-02-18 03:00:00,2023-02-20,2023-02-22,2023-02-28
ord_460,cust_146,delivered,2023-10-19,2023-10-19 14:00:00,2023-10-20,2023-10-27,2023-10-29
ord_461,cust_574,delivered,2023-11-20,2023-11-20 06:00:00,2023-11-21,2023-12-02,2023-11-30
ord_462,cust_322,delivered,2023-03-19,2023-03-19 18:00:00,2023-03-21,2023-03-22,2023-03-29
ord_463,cust_442,delivered,2023-04-15,2023-04-15 01:00:00,2023-04-16,2023-04-28,2023-04-25
ord_464,cust_12,delivered,2023-06-18,2023-06-18 06:00:00,2023-06-19,2023-06-25,2023-06-28
ord_465,cust_493,delivered,2023-08-05,2023-08-05 06:00:00,2023-08-06,2023-08-11,2023-08-15
ord_466,cust_700,delivered,2023-04-29,2023-04-29 21:00:00,2023-04-30,2023-05-10,2023-05-09
ord_467,cust_286,delivered,2023-07-09,2023-07-09 16:00:00,2023-07-11,2023-07-11,2023-07-19
ord_468,cust_719,delivered,2023-09-12,2023-09-12 05:00:00,2023-09-14,2023-09-25,2023-09-22
ord_469,cust_113,delivered,2023-09-23,2023-09-23 17:00:00,2023-09-24,2023-10-05,2023-10-03
ord_470,cust_479,delivered,2023-05-29,2023-05-29 10:00:00,2023-05-31,2023-06-09,2023-06-08
ord_471,cust_21,delivered,2023-06-13,2023-06-13 21:00:00,2023-06-15,2023-06-25,2023-06-23
ord_472,cust_348,delivered,2023-05-20,2023-05-20 18:00:00,2023-05-21,2023-05-25,2023-05-30
ord_473,cust_725,delivered,2023-12-13,2023-12-13 07:00:00,2023-12-15,2023-12-25,2023-12-23
ord_474,cust_682,delivered,2023-09-15,2023-09-15 03:00:00,2023-09-16,2023-09-18,2023-09-25
ord_475,cust_565,delivered,2023-09-26,2023-09-26 13:00:00,2023-09-28,2023-10-01,2023-10-06
ord_476,cust_319,delivered,2023-06-30,2023-06-30 15:00:00,2023-07-02,2023-07-02,2023-07-10
ord_477,cust_125,delivered,2023-06-09,2023-06-09 20:00:00,2023-06-11,2023-06-12,2023-06-19
ord_478,cust_276,delivered,2023-12-17,2023-12-17 19:00:00,2023-12-18,2023-12-31,2023-12-27
ord_479,cust_203,delivered,2023-10-15,2023-10-15 03:00:00,2023-10-17,2023-10-24,2023-10-25
ord_480,cust_193,delivered,2023-10-15,2023-10-15 04:00:00,2023-10-16,2023-10-22,2023-10-25
ord_481,cust_680,delivered,2023-08-14,2023-08-14 05:00:00,2023-08-15,2023-08-17,2023-08-24
ord_482,cust_663,delivered,2023-01-11,2023-01-11 01:00:00,2023-01-13,2023-01-24,2023-01-21
ord_483,cust_546,delivered,2023-01-10,2023-01-10 04:00:00,2023-01-11,2023-01-17,2023-01-20
ord_484,cust_695,delivered,2023-09-28,2023-09-28 12:00:00,2023-09-30,2023-10-09,2023-10-08
ord_485,cust_285,delivered,2023-09-30,2023-09-30 10:00:00,2023-10-01,2023-10-10,2023-10-10
ord_486,cust_56,delivered,2023-07-02,2023-07-02 23:00:00,2023-07-03,2023-07-10,2023-07-12
ord_487,cust_733,delivered,2023-06-02,2023-06-02 21:00:00,2023-06-04,2023-06-12,2023-06-12
ord_488,cust_302,delivered,2023-11-11,2023-11-11 20:00:00,2023-11-13,2023-11-17,2023-11-21
ord_489,cust_162,delivered,2023-11-30,2023-11-30 13:00:00,2023-12-02,2023-12-08,2023-12-10
ord_490,cust_18,delivered,2023-05-04,2023-05-04 23:00:00,2023-05-06,2023-05-16,2023-05-14
ord_491,cust_369,delivered,2023-04-24,2023-04-24 14:00:00,2023-04-25,2023-05-02,2023-05-04
ord_492,cust_263,delivered,2023-10-05,2023-10-05 23:00:00,2023-10-06,2023-10-18,2023-10-15
ord_493,cust_793,delivered,2023-08-01,2023-08-01 05:00:00,2023-08-02,2023-08-14,2023-08-11
ord_494,cust_112,delivered,2023-06-21,2023-06-21 04:00:00,2023-06-23,2023-06-25,2023-07-01
ord_495,cust_487,delivered,2023-10-15,2023-10-15 14:00:00,2023-10-16,2023-10-23,2023-10-25
ord_496,cust_326,delivered,2023-06-23,2023-06-23 10:00:00,2023-06-25,2023-06-25,2023-07-03
ord_497,cust_541,delivered,2023-04-23,2023-04-23 17:00:00,2023-04-24,2023-05-03,2023-05-03
ord_498,cust_646,delivered,2023-05-02,2023-05-02 10:00:00,2023-05-04,2023-05-13,2023-05-12
ord_499,cust_578,delivered,2023-02-01,2023-02-01 07:00:00,2023-02-02,2023-02-15,2023-02-11
ord_500,cust_64,delivered,2023-08-10,2023-08-10 16:00:00,2023-08-11,2023-08-17,2023-08-20
ord_501,cust_291,delivered,2023-04-29,2023-04-29 01:00:00,2023-05-01,2023-05-05,2023-05-09
ord_502,cust_24,delivered,2023-02-08,2023-02-08 17:00:00,2023-02-09,2023-02-16,2023-02-18
ord_503,cust_548,delivered,2023-09-25,2023-09-25 21:00:00,2023-09-27,2023-10-01,2023-10-05
ord_504,cust_0,delivered,2023-08-21,2023-08-21 09:00:00,2023-08-22,2023-09-01,2023-08-31
ord_505,cust_548,delivered,2023-01-18,2023-01-18 06:00:00,2023-01-19,2023-01-24,2023-01-28
ord_506,cust_140,delivered,2023-05-29,2023-05-29 19:00:00,2023-05-31,2023-06-10,2023-06-08
ord_507,cust_743,delivered,2023-05-29,2023-05-29 13:00:00,2023-05-31,2023-06-09,2023-06-08
ord_508,cust_647,delivered,2023-05-06,2023-05-06 03:00:00,2023-05-07,2023-05-18,2023-05-16
ord_509,cust_187,delivered,2023-10-29,2023-10-29 07:00:00,2023-10-30,2023-11-06,2023-11-08
ord_510,cust_127,delivered,2023-12-26,2023-12-26 22:00:00,2023-12-27,2024-01-06,2024-01-05
ord_511,cust_200,delivered,2023-08-26,2023-08-26 09:00:00,2023-08-27,2023-09-03,2023-09-05
ord_512,cust_126,delivered,2023-05-15,2023-05-15 22:00:00,2023-05-16,2023-05-29,2023-05-25
ord_513,cust_256,delivered,2023-05-31,2023-05-31 05:00:00,2023-06-01,2023-06-12,2023-06-10
ord_514,cust_675,delivered,2023-08-24,2023-08-24 10:00:00,2023-08-26,2023-08-28,2023-09-03
ord_515,cust_546,delivered,2023-08-12,2023-08-12 23:00:00,2023-08-14,2023-08-16,2023-08-22
ord_516,cust_193,delivered,2023-07-22,2023-07-22 17:00:00,2023-07-24,2023-08-02,2023-08-01
ord_517,cust_702,delivered,2023-09-13,2023-09-13 12:00:00,2023-09-14,2023-09-26,2023-09-23
ord_518,cust_103,delivered,2023-03-27,2023-03-27 23:00:00,2023-03-28,2023-04-10,2023-04-06
ord_519,cust_534,delivered,2023-05-30,2023-05-30 16:00:00,2023-05-31,2023-06-03,2023-06-09
ord_520,cust_264,delivered,2023-08-23,2023-08-23 03:00:00,2023-08-25,2023-08-30,2023-09-02
ord_521,cust_383,delivered,2023-12-11,2023-12-11 22:00:00,2023-12-13,2023-12-24,2023-12-21
ord_522,cust_259,delivered,2023-01-22,2023-01-22 09:00:00,2023-01-23,2023-01-29,2023-02-01
ord_523,cust_413,delivered,2023-12-14,2023-12-14 15:00:00,2023-12-15,2023-12-28,2023-12-24
ord_524,cust_357,delivered,2023-10-12,2023-10-12 05:00:00,2023-10-14,2023-10-26,2023-10-22
ord_525,cust_74,delivered,2023-09-26,2023-09-26 23:00:00,2023-09-28,2023-09-30,2023-10-06
ord_526,cust_354,delivered,2023-09-15,2023-09-15 13:00:00,2023-09-17,2023-09-19,2023-09-25
ord_527,cust_583,delivered,2023-01-29,2023-01-29 14:00:00,2023-01-30,2023-02-07,2023-02-08
ord_528,cust_770,delivered,2023-08-01,2023-08-01 20:00:00,2023-08-02,2023-08-10,2023-08-11
ord_529,cust_187,delivered,2023-10-10,2023-10-10 15:00:00,2023-10-11,2023-10-18,2023-10-20
ord_530,cust_684,delivered,2023-02-19,2023-02-19 16:00:00,2023-02-21,2023-03-02,2023-03-01
ord_531,cust_289,delivered,2023-04-05,2023-04-05 23:00:00,2023-04-07,2023-04-10,2023-04-15
ord_532,cust_44,delivered,2023-03-29,2023-03-29 13:00:00,2023-03-30,2023-04-03,2023-04-08
ord_533,cust_572,delivered,2023-02-13,2023-02-13 17:00:00,2023-02-14,2023-02-17,2023-02-23
ord_534,cust_82,delivered,2023-10-05,2023-10-05 23:00:00,2023-10-07,2023-10-11,2023-10-15
ord_535,cust_122,delivered,2023-06-20,2023-06-20 08:00:00,2023-06-21,2023-06-24,2023-06-30
ord_536,cust_357,delivered,2023-07-08,2023-07-08 21:00:00,2023-07-10,2023-07-22,2023-07-18
ord_537,cust_527,delivered,2023-12-19,2023-12-19 02:00:00,2023-12-21,2023-12-28,2023-12-29
ord_538,cust_65,delivered,2023-07-03,2023-07-03 05:00:00,2023-07-04,2023-07-11,2023-07-13
ord_539,cust_656,delivered,2023-01-03,2023-01-03 06:00:00,2023-01-05,2023-01-17,2023-01-13
ord_540,cust_374,delivered,2023-07-10,2023-07-10 12:00:00,2023-07-11,2023-07-14,2023-07-20
ord_541,cust_161,delivered,2023-04-28,2023-04-28 18:00:00,2023-04-30,2023-05-08,2023-05-08
ord_542,cust_745,delivered,2023-01-19,2023-01-19 22:00:00,2023-01-21,2023-02-01,2023-01-29
ord_543,cust_379,delivered,2023-01-23,2023-01-23 22:00:00,2023-01-24,2023-02-06,2023-02-02
ord_544,cust_655,delivered,2023-01-30,2023-01-30 01:00:00,2023-02-01,2023-02-05,2023-02-09
ord_545,cust_357,delivered,2023-10-22,2023-10-22 17:00:00,2023-10-23,2023-11-01,2023-11-01
ord_546,cust_187,delivered,2023-04-18,2023-04-18 11:00:00,2023-04-19,2023-04-26,2023-04-28
ord_547,cust_321,delivered,2023-10-08,2023-10-08 10:00:00,2023-10-10,2023-10-16,2023-10-18
ord_548,cust_449,delivered,2023-05-08,2023-05-08 19:00:00,2023-05-09,2023-05-15,2023-05-18
ord_549,cust_473,delivered,2023-08-17,2023-08-17 14:00:00,2023-08-18,2023-08-20,2023-08-27
ord_550,cust_12,delivered,2023-04-21,2023-04-21 10:00:00,2023-04-22,2023-05-01,2023-05-01
ord_551,cust_183,delivered,2023-05-16,2023-05-16 15:00:00,2023-05-17,2023-05-23,2023-05-26
ord_552,cust_110,delivered,2023-12-28,2023-12-28 19:00:00,2023-12-29,2024-01-06,2024-01-07
ord_553,cust_507,delivered,2023-07-05,2023-07-05 04:00:00,2023-07-06,2023-07-07,2023-07-15
ord_554,cust_289,delivered,2023-05-24,2023-05-24 02:00:00,2023-05-26,2023-05-30,2023-06-03
ord_555,cust_294,delivered,2023-03-13,2023-03-13 09:00:00,2023-03-14,2023-03-26,2023-03-23
ord_556,cust_450,delivered,2023-05-09,2023-05-09 10:00:00,2023-05-11,2023-05-11,2023-05-19
ord_557,cust_214,delivered,2023-12-30,2023-12-30 11:00:00,2024-01-01,2024-01-10,2024-01-09
ord_558,cust_631,delivered,2023-09-18,2023-09-18 14:00:00,2023-09-19,2023-09-30,2023-09-28
ord_559,cust_566,delivered,2023-01-03,2023-01-03 07:00:00,2023-01-05,2023-01-12,2023-01-13
ord_560,cust_26,delivered,2023-04-14,2023-04-14 23:00:00,2023-04-16,2023-04-23,2023-04-24
ord_561,cust_629,delivered,2023-08-12,2023-08-12 15:00:00,2023-08-13,2023-08-14,2023-08-22
ord_562,cust_732,delivered,2023-11-16,2023-11-16 22:00:00,2023-11-17,2023-11-26,2023-11-26
ord_563,cust_230,delivered,2023-12-28,2023-12-28 19:00:00,2023-12-29,2023-12-31,2024-01-07
ord_564,cust_564,delivered,2023-12-20,2023-12-20 22:00:00,2023-12-22,2024-01-02,2023-12-30
ord_565,cust_320,delivered,2023-01-10,2023-01-10 15:00:00,2023-01-12,2023-01-20,2023-01-20
ord_566,cust_232,delivered,2023-10-29,2023-10-29 08:00:00,2023-10-30,2023-10-31,2023-11-08
ord_567,cust_669,delivered,2023-08-19,2023-08-19 11:00:00,2023-08-20,2023-09-01,2023-08-29
ord_568,cust_436,delivered,2023-08-07,2023-08-07 09:00:00,2023-08-09,2023-08-18,2023-08-17
ord_569,cust_780,delivered,2023-03-07,2023-03-07 15:00:00,2023-03-09,2023-03-17,2023-03-17
ord_570,cust_532,delivered,2023-04-22,2023-04-22 01:00:00,2023-04-24,2023-04-27,2023-05-02
ord_571,cust_402,delivered,2023-01-13,2023-01-13 01:00:00,2023-01-15,2023-01-23,2023-01-23
ord_572,cust_52,delivered,2023-03-27,2023-03-27 19:00:00,2023-03-28,2023-04-04,2023-04-06
ord_573,cust_786,delivered,2023-08-22,2023-08-22 03:00:00,2023-08-24,2023-09-03,2023-09-01
ord_574,cust_312,delivered,2023-03-31,2023-03-31 10:00:00,2023-04-02,2023-04-07,2023-04-10
ord_575,cust_280,delivered,2023-11-10,2023-11-10 08:00:00,2023-11-12,2023-11-16,2023-11-20
ord_576,cust_725,delivered,2023-02-23,2023-02-23 15:00:00,2023-02-25,2023-03-07,2023-03-05
ord_577,cust_30,delivered,2023-01-12,2023-01-12 10:00:00,2023-01-13,2023-01-22,2023-01-22
ord_578,cust_336,delivered,2023-07-28,2023-07-28 01:00:00,2023-07-29,2023-07-31,2023-08-07
ord_579,cust_182,delivered,2023-01-14,2023-01-14 18:00:00,2023-01-16,2023-01-28,2023-01-24
ord_580,cust_22,delivered,2023-05-01,2023-05-01 02:00:00,2023-05-03,2023-05-13,2023-05-11
ord_581,cust_543,delivered,2023-01-20,2023-01-20 19:00:00,2023-01-21,2023-02-02,2023-01-30
ord_582,cust_445,delivered,2023-03-16,2023-03-16 13:00:00,2023-03-17,2023-03-19,2023-03-26
ord_583,cust_73,delivered,2023-08-31,2023-08-31 22:00:00,2023-09-02,2023-09-12,2023-09-10
ord_584,cust_9,delivered,2023-08-11,2023-08-11 01:00:00,2023-08-13,2023-08-24,2023-08-21
ord_585,cust_483,delivered,2023-03-11,2023-03-11 02:00:00,2023-03-12,2023-03-21,2023-03-21
ord_586,cust_455,delivered,2023-11-08,2023-11-08 16:00:00,2023-11-09,2023-11-21,2023-11-18
ord_587,cust_565,delivered,2023-07-30,2023-07-30 15:00:00,2023-07-31,2023-08-03,2023-08-09
ord_588,cust_563,delivered,2023-04-11,2023-04-11 13:00:00,2023-04-12,2023-04-20,2023-04-21
ord_589,cust_659,delivered,2023-07-05,2023-07-05 16:00:00,2023-07-06,2023-07-17,2023-07-15
ord_590,cust_159,delivered,2023-05-12,2023-05-12 17:00:00,2023-05-13,2023-05-22,2023-05-22
ord_591,cust_13,delivered,2023-04-21,2023-04-21 21:00:00,2023-04-23,2023-04-30,2023-05-01
ord_592,cust_177,delivered,2023-05-12,2023-05-12 07:00:00,2023-05-13,2023-05-17,2023-05-22
ord_593,cust_411,delivered,2023-01-20,2023-01-20 17:00:00,2023-01-21,2023-02-02,2023-01-30
ord_594,cust_52,delivered,2023-01-24,2023-01-24 07:00:00,2023-01-25,2023-01-26,2023-02-03
ord_595,cust_407,delivered,2023-08-15,2023-08-15 13:00:00,2023-08-16,2023-08-20,2023-08-25
ord_596,cust_21,delivered,2023-06-03,2023-06-03 05:00:00,2023-06-05,2023-06-13,2023-06-13
ord_597,cust_29,delivered,2023-10-20,2023-10-20 17:00:00,2023-10-22,2023-10-23,2023-10-30
ord_598,cust_702,delivered,2023-08-18,2023-08-18 03:00:00,2023-08-19,2023-08-22,2023-08-28
ord_599,cust_259,delivered,2023-11-06,2023-11-06 07:00:00,2023-11-08,2023-11-17,2023-11-16
ord_600,cust_204,delivered,2023-12-25,2023-12-25 17:00:00,2023-12-27,2024-01-03,2024-01-04
ord_601,cust_58,delivered,2023-07-21,2023-07-21 07:00:00,2023-07-23,2023-07-28,2023-07-31
ord_602,cust_470,delivered,2023-02-07,2023-02-07 21:00:00,2023-02-09,2023-02-16,2023-02-17
ord_603,cust_775,delivered,2023-09-17,2023-09-17 01:00:00,2023-09-19,2023-09-25,2023-09-27
ord_604,cust_465,delivered,2023-07-07,2023-07-07 17:00:00,2023-07-09,2023-07-21,2023-07-17
ord_605,cust_11,delivered,2023-02-26,2023-02-26 17:00:00,2023-02-27,2023-03-12,2023-03-08
ord_606,cust_630,delivered,2023-01-20,2023-01-20 11:00:00,2023-01-21,2023-01-26,2023-01-30
ord_607,cust_289,delivered,2023-09-30,2023-09-30 03:00:00,2023-10-01,2023-10-10,2023-10-10
ord_608,cust_759,delivered,2023-04-29,2023-04-29 15:00:00,2023-04-30,2023-05-04,2023-05-09
ord_609,cust_353,delivered,2023-03-12,2023-03-12 21:00:00,2023-03-13,2023-03-19,2023-03-22
ord_610,cust_638,delivered,2023-01-04,2023-01-04 11:00:00,2023-01-06,2023-01-07,2023-01-14
ord_611,cust_74,delivered,2023-08-09,2023-08-09 16:00:00,2023-08-10,2023-08-12,2023-08-19
ord_612,cust_715,delivered,2023-01-14,2023-01-14 22:00:00,2023-01-15,2023-01-17,2023-01-24
ord_613,cust_560,delivered,2023-01-03,2023-01-03 09:00:00,2023-01-05,2023-01-14,2023-01-13
ord_614,cust_590,delivered,2023-08-04,2023-08-04 01:00:00,2023-08-06,2023-08-12,2023-08-14
ord_615,cust_440,delivered,2023-08-17,2023-08-17 22:00:00,2023-08-18,2023-08-31,2023-08-27
ord_616,cust_240,delivered,2023-12-02,2023-12-02 16:00:00,2023-12-04,2023-12-05,2023-12-12
ord_617,cust_153,delivered,2023-07-05,2023-07-05 09:00:00,2023-07-07,2023-07-18,2023-07-15
ord_618,cust_785,delivered,2023-02-24,2023-02-24 19:00:00,2023-02-26,2023-03-10,2023-03-06
ord_619,cust_95,delivered,2023-09-11,2023-09-11 12:00:00,2023-09-13,2023-09-14,2023-09-21
ord_620,cust_725,delivered,2023-01-24,2023-01-24 19:00:00,2023-01-25,2023-02-03,2023-02-03
ord_621,cust_293,delivered,2023-06-11,2023-06-11 22:00:00,2023-06-13,2023-06-19,2023-06-21
ord_622,cust_208,delivered,2023-06-07,2023-06-07 09:00:00,2023-06-08,2023-06-19,2023-06-17
ord_623,cust_342,delivered,2023-03-23,2023-03-23 07:00:00,2023-03-24,2023-03-27,2023-04-02
ord_624,cust_87,delivered,2023-06-08,2023-06-08 14:00:00,2023-06-10,2023-06-12,2023-06-18
ord_625,cust_775,delivered,2023-07-07,2023-07-07 19:00:00,2023-07-09,2023-07-15,2023-07-17
ord_626,cust_389,delivered,2023-03-01,2023-03-01 19:00:00,2023-03-03,2023-03-07,2023-03-11
ord_627,cust_324,delivered,2023-11-01,2023-11-01 02:00:00,2023-11-02,2023-11-12,2023-11-11
ord_628,cust_156,delivered,2023-11-15,2023-11-15 09:00:00,2023-11-17,2023-11-22,2023-11-25
ord_629,cust_667,delivered,2023-07-30,2023-07-30 13:00:00,2023-08-01,2023-08-13,2023-08-09
ord_630,cust_650,delivered,2023-06-01,2023-06-01 15:00:00,2023-06-03,2023-06-14,2023-06-11
ord_631,cust_632,delivered,2023-04-19,2023-04-19 03:00:00,2023-04-21,2023-04-28,2023-04-29
ord_632,cust_576,delivered,2023-03-17,2023-03-17 11:00:00,2023-03-19,2023-03-27,2023-03-27
ord_633,cust_618,delivered,2023-01-30,2023-01-30 21:00:00,2023-01-31,2023-02-01,2023-02-09
ord_634,cust_658,delivered,2023-11-10,2023-11-10 14:00:00,2023-11-12,2023-11-14,2023-11-20
ord_635,cust_136,delivered,2023-04-27,2023-04-27 08:00:00,2023-04-29,2023-05-09,2023-05-07
ord_636,cust_673,delivered,2023-12-22,2023-12-22 18:00:00,2023-12-24,2023-12-30,2024-01-01
ord_637,cust_427,delivered,2023-07-11,2023-07-11 19:00:00,2023-07-12,2023-07-18,2023-07-21
ord_638,cust_451,delivered,2023-01-19,2023-01-19 16:00:00,2023-01-21,2023-01-27,2023-01-29
ord_639,cust_611,delivered,2023-06-22,2023-06-22 02:00:00,2023-06-23,2023-07-01,2023-07-02
ord_640,cust_140,delivered,2023-08-16,2023-08-16 08:00:00,2023-08-17,2023-08-23,2023-08-26
ord_641,cust_82,delivered,2023-12-16,2023-12-16 22:00:00,2023-12-18,2023-12-20,2023-12-26
ord_642,cust_176,delivered,2023-07-02,2023-07-02 06:00:00,2023-07-04,2023-07-05,2023-07-12
ord_643,cust_197,delivered,2023-04-23,2023-04-23 12:00:00,2023-04-25,2023-05-06,2023-05-03
ord_644,cust_623,delivered,2023-07-02,2023-07-02 15:00:00,2023-07-03,2023-07-10,2023-07-12
ord_645,cust_567,delivered,2023-05-26,2023-05-26 08:00:00,2023-05-27,2023-06-08,2023-06-05
ord_646,cust_690,delivered,2023-11-15,2023-11-15 04:00:00,2023-11-16,2023-11-28,2023-11-25
ord_647,cust_420,delivered,2023-04-26,2023-04-26 15:00:00,2023-04-27,2023-05-09,2023-05-06
ord_648,cust_400,delivered,2023-04-23,2023-04-23 20:00:00,2023-04-24,2023-05-05,2023-05-03
ord_649,cust_697,delivered,2023-09-08,2023-09-08 17:00:00,2023-09-09,2023-09-10,2023-09-18
ord_650,cust_470,delivered,2023-09-08,2023-09-08 13:00:00,2023-09-10,2023-09-12,2023-09-18
ord_651,cust_217,delivered,2023-10-30,2023-10-30 18:00:00,2023-11-01,2023-11-12,2023-11-09
ord_652,cust_728,delivered,2023-11-09,2023-11-09 02:00:00,2023-11-10,2023-11-21,2023-11-19
ord_653,cust_631,delivered,2023-04-28,2023-04-28 13:00:00,2023-04-30,2023-05-03,2023-05-08
ord_654,cust_174,delivered,2023-10-28,2023-10-28 13:00:00,2023-10-30,2023-11-11,2023-11-07
ord_655,cust_22,delivered,2023-06-10,2023-06-10 22:00:00,2023-06-11,2023-06-12,2023-06-20
ord_656,cust_724,delivered,2023-07-17,2023-07-17 15:00:00,2023-07-18,2023-07-23,2023-07-27
ord_657,cust_234,delivered,2023-09-17,2023-09-17 20:00:00,2023-09-19,2023-09-28,2023-09-27
ord_658,cust_12,delivered,2023-05-28,2023-05-28 10:00:00,2023-05-29,2023-06-01,2023-06-07
ord_659,cust_100,delivered,2023-08-28,2023-08-28 03:00:00,2023-08-29,2023-08-31,2023-09-07
ord_660,cust_535,delivered,2023-02-16,2023-02-16 19:00:00,2023-02-18,2023-02-20,2023-02-26
ord_661,cust_522,delivered,2023-07-17,2023-07-17 03:00:00,2023-07-18,2023-07-26,2023-07-27
ord_662,cust_784,delivered,2023-02-16,2023-02-16 22:00:00,2023-02-18,2023-02-23,2023-02-26
ord_663,cust_451,delivered,2023-03-19,2023-03-19 14:00:00,2023-03-21,2023-04-02,2023-03-29
ord_664,cust_430,delivered,2023-05-04,2023-05-04 08:00:00,2023-05-06,2023-05-12,2023-05-14
ord_665,cust_792,delivered,2023-03-16,2023-03-16 23:00:00,2023-03-18,2023-03-29,2023-03-26
ord_666,cust_605,delivered,2023-12-25,2023-12-25 04:00:00,2023-12-27,2024-01-01,2024-01-04
ord_667,cust_712,delivered,2023-05-17,2023-05-17 20:00:00,2023-05-18,2023-05-24,2023-05-27
ord_668,cust_532,delivered,2023-03-31,2023-03-31 11:00:00,2023-04-01,2023-04-13,2023-04-10
ord_669,cust_722,delivered,2023-11-21,2023-11-21 11:00:00,2023-11-22,2023-11-25,2023-12-01
ord_670,cust_651,delivered,2023-03-02,2023-03-02 11:00:00,2023-03-03,2023-03-15,2023-03-12
ord_671,cust_292,delivered,2023-05-18,2023-05-18 02:00:00,2023-05-20,2023-06-01,2023-05-28
ord_672,cust_100,delivered,2023-02-19,2023-02-19 17:00:00,2023-02-21,2023-02-28,2023-03-01
ord_673,cust_501,delivered,2023-09-16,2023-09-16 09:00:00,2023-09-17,2023-09-29,2023-09-26
ord_674,cust_303,delivered,2023-04-17,2023-04-17 02:00:00,2023-04-19,2023-04-25,2023-04-27
ord_675,cust_539,delivered,2023-04-23,2023-04-23 15:00:00,2023-04-24,2023-05-01,2023-05-03
ord_676,cust_552,delivered,2023-12-16,2023-12-16 16:00:00,2023-12-17,2023-12-23,2023-12-26
ord_677,cust_354,delivered,2023-09-11,2023-09-11 04:00:00,2023-09-12,2023-09-17,2023-09-21
ord_678,cust_302,delivered,2023-04-28,2023-04-28 08:00:00,2023-04-30,2023-05-09,2023-05-08
ord_679,cust_495,delivered,2023-07-17,2023-07-17 09:00:00,2023-07-19,2023-07-26,2023-07-27
ord_680,cust_657,delivered,2023-12-03,2023-12-03 05:00:00,2023-12-05,2023-12-09,2023-12-13
ord_681,cust_767,delivered,2023-12-31,2023-12-31 16:00:00,2024-01-02,2024-01-10,2024-01-10
ord_682,cust_226,delivered,2023-02-20,2023-02-20 13:00:00,2023-02-21,2023-03-02,2023-03-02
ord_683,cust_235,delivered,2023-09-02,2023-09-02 07:00:00,2023-09-04,2023-09-04,2023-09-12
ord_684,cust_454,delivered,2023-02-04,2023-02-04 20:00:00,2023-02-06,2023-02-11,2023-02-14
ord_685,cust_12,delivered,2023-10-29,2023-10-29 17:00:00,2023-10-31,2023-11-06,2023-11-08
ord_686,cust_209,delivered,2023-03-10,2023-03-10 03:00:00,2023-03-11,2023-03-14,2023-03-20
ord_687,cust_740,delivered,2023-12-15,2023-12-15 05:00:00,2023-12-16,2023-12-23,2023-12-25
ord_688,cust_396,delivered,2023-11-16,2023-11-16 19:00:00,2023-11-18,2023-11-28,2023-11-26
ord_689,cust_99,delivered,2023-02-18,2023-02-18 12:00:00,2023-02-20,2023-03-02,2023-02-28
ord_690,cust_30,delivered,2023-03-15,2023-03-15 07:00:00,2023-03-17,2023-03-23,2023-03-25
ord_691,cust_527,delivered,2023-07-11,2023-07-11 09:00:00,2023-07-13,2023-07-25,2023-07-21
ord_692,cust_648,delivered,2023-09-18,2023-09-18 06:00:00,2023-09-19,2023-09-30,2023-09-28
ord_693,cust_328,delivered,2023-12-22,2023-12-22 17:00:00,2023-12-24,2023-12-25,2024-01-01
ord_694,cust_165,delivered,2023-03-11,2023-03-11 16:00:00,2023-03-13,2023-03-19,2023-03-21
ord_695,cust_458,delivered,2023-03-31,2023-03-31 23:00:00,2023-04-02,2023-04-02,2023-04-10
ord_696,cust_99,delivered,2023-09-17,2023-09-17 03:00:00,2023-09-18,2023-09-23,2023-09-27
ord_697,cust_620,delivered,2023-05-06,2023-05-06 21:00:00,2023-05-07,2023-05-16,2023-05-16
ord_698,cust_172,delivered,2023-08-19,2023-08-19 04:00:00,2023-08-21,2023-08-27,2023-08-29
ord_699,cust_748,delivered,2023-10-22,2023-10-22 10:00:00,2023-10-24,2023-10-30,2023-11-01
ord_700,cust_161,delivered,2023-05-09,2023-05-09 05:00:00,2023-05-11,2023-05-21,2023-05-19
ord_701,cust_727,delivered,2023-10-07,2023-10-07 21:00:00,2023-10-09,2023-10-21,2023-10-17
ord_702,cust_775,delivered,2023-11-09,2023-11-09 22:00:00,2023-11-11,2023-11-22,2023-11-19
ord_703,cust_262,delivered,2023-04-10,2023-04-10 10:00:00,2023-04-11,2023-04-13,2023-04-20
ord_704,cust_273,delivered,2023-11-22,2023-11-22 12:00:00,2023-11-23,2023-12-01,2023-12-02
ord_705,cust_2,delivered,2023-10-24,2023-10-24 10:00:00,2023-10-25,2023-10-28,2023-11-03
ord_706,cust_27,delivered,2023-07-01,2023-07-01 13:00:00,2023-07-03,2023-07-10,2023-07-11
ord_707,cust_325,delivered,2023-06-23,2023-06-23 11:00:00,2023-06-24,2023-06-27,2023-07-03
ord_708,cust_148,delivered,2023-11-12,2023-11-12 22:00:00,2023-11-13,2023-11-23,2023-11-22
ord_709,cust_539,delivered,2023-12-30,2023-12-30 16:00:00,2023-12-31,2024-01-07,2024-01-09
ord_710,cust_487,delivered,2023-07-07,2023-07-07 08:00:00,2023-07-09,2023-07-10,2023-07-17
ord_711,cust_437,delivered,2023-02-26,2023-02-26 08:00:00,2023-02-28,2023-03-03,2023-03-08
ord_712,cust_64,delivered,2023-01-31,2023-01-31 08:00:00,2023-02-01,2023-02-12,2023-02-10
ord_713,cust_355,delivered,2023-03-25,2023-03-25 13:00:00,2023-03-27,2023-04-01,2023-04-04
ord_714,cust_532,delivered,2023-06-01,2023-06-01 02:00:00,2023-06-02,2023-06-13,2023-06-11
ord_715,cust_251,delivered,2023-02-05,2023-02-05 12:00:00,2023-02-06,2023-02-15,2023-02-15
ord_716,cust_234,delivered,2023-08-01,2023-08-01 10:00:00,2023-08-02,2023-08-07,2023-08-11
ord_717,cust_226,delivered,2023-12-30,2023-12-30 12:00:00,2023-12-31,2024-01-13,2024-01-09
ord_718,cust_524,delivered,2023-04-16,2023-04-16 11:00:00,2023-04-18,2023-04-26,2023-04-26
ord_719,cust_312,delivered,2023-12-08,2023-12-08 15:00:00,2023-12-10,2023-12-14,2023-12-18
ord_720,cust_48,delivered,2023-08-08,2023-08-08 16:00:00,2023-08-10,2023-08-19,2023-08-18
ord_721,cust_117,delivered,2023-06-12,2023-06-12 17:00:00,2023-06-14,2023-06-21,2023-06-22
ord_722,cust_53,delivered,2023-08-08,2023-08-08 02:00:00,2023-08-09,2023-08-22,2023-08-18
ord_723,cust_649,delivered,2023-09-27,2023-09-27 18:00:00,2023-09-29,2023-10-11,2023-10-07
ord_724,cust_564,delivered,2023-04-30,2023-04-30 12:00:00,2023-05-01,2023-05-02,2023-05-10
ord_725,cust_43,delivered,2023-12-02,2023-12-02 19:00:00,2023-12-04,2023-12-10,2023-12-12
ord_726,cust_52,delivered,2023-07-01,2023-07-01 23:00:00,2023-07-03,2023-07-06,2023-07-11
ord_727,cust_585,delivered,2023-04-16,2023-04-16 18:00:00,2023-04-18,2023-04-22,2023-04-26
ord_728,cust_557,delivered,2023-08-05,2023-08-05 17:00:00,2023-08-06,2023-08-12,2023-08-15
ord_729,cust_524,delivered,2023-07-24,2023-07-24 06:00:00,2023-07-25,2023-07-30,2023-08-03
ord_730,cust_676,delivered,2023-03-11,2023-03-11 15:00:00,2023-03-12,2023-03-24,2023-03-21
ord_731,cust_101,delivered,2023-02-13,2023-02-13 03:00:00,2023-02-14,2023-02-15,2023-02-23
ord_732,cust_791,delivered,2023-11-25,2023-11-25 06:00:00,2023-11-27,2023-12-08,2023-12-05
ord_733,cust_769,delivered,2023-10-28,2023-10-28 03:00:00,2023-10-29,2023-11-07,2023-11-07
ord_734,cust_397,delivered,2023-08-16,2023-08-16 01:00:00,2023-08-17,2023-08-19,2023-08-26
ord_735,cust_137,delivered,2023-07-03,2023-07-03 13:00:00,2023-07-05,2023-07-13,2023-07-13
ord_736,cust_674,delivered,2023-04-17,2023-04-17 21:00:00,2023-04-19,2023-04-28,2023-04-27
ord_737,cust_386,delivered,2023-03-25,2023-03-25 14:00:00,2023-03-26,2023-03-28,2023-04-04
ord_738,cust_110,delivered,2023-12-04,2023-12-04 13:00:00,2023-12-06,2023-12-14,2023-12-14
ord_739,cust_613,delivered,2023-09-07,2023-09-07 04:00:00,2023-09-08,2023-09-14,2023-09-17
ord_740,cust_16,delivered,2023-12-29,2023-12-29 07:00:00,2023-12-31,2024-01-10,2024-01-08
ord_741,cust_779,delivered,2023-01-21,2023-01-21 22:00:00,2023-01-22,2023-01-31,2023-01-31
ord_742,cust_181,delivered,2023-07-15,2023-07-15 10:00:00,2023-07-16,2023-07-29,2023-07-25
ord_743,cust_535,delivered,2023-06-27,2023-06-27 07:00:00,2023-06-28,2023-07-04,2023-07-07
ord_744,cust_540,delivered,2023-01-07,2023-01-07 21:00:00,2023-01-08,2023-01-14,2023-01-17
ord_745,cust_170,delivered,2023-03-11,2023-03-11 15:00:00,2023-03-12,2023-03-25,2023-03-21
ord_746,cust_408,delivered,2023-05-07,2023-05-07 15:00:00,2023-05-09,2023-05-19,2023-05-17
ord_747,cust_739,delivered,2023-06-09,2023-06-09 04:00:00,2023-06-10,2023-06-12,2023-06-19
ord_748,cust_377,delivered,2023-09-05,2023-09-05 23:00:00,2023-09-06,2023-09-14,2023-09-15
ord_749,cust_187,delivered,2023-07-22,2023-07-22 23:00:00,2023-07-23,2023-07-26,2023-08-01
ord_750,cust_229,delivered,2023-05-28,2023-05-28 06:00:00,2023-05-29,2023-06-05,2023-06-07
ord_751,cust_118,delivered,2023-05-23,2023-05-23 20:00:00,2023-05-24,2023-05-29,2023-06-02
ord_752,cust_155,delivered,2023-07-18,2023-07-18 05:00:00,2023-07-20,2023-07-22,2023-07-28
ord_753,cust_783,delivered,2023-06-03,2023-06-03 20:00:00,2023-06-05,2023-06-05,2023-06-13
ord_754,cust_686,delivered,2023-05-22,2023-05-22 12:00:00,2023-05-23,2023-05-31,2023-06-01
ord_755,cust_464,delivered,2023-11-09,2023-11-09 01:00:00,2023-11-11,2023-11-13,2023-11-19
ord_756,cust_103,delivered,2023-06-14,2023-06-14 08:00:00,2023-06-15,2023-06-17,2023-06-24
ord_757,cust_603,delivered,2023-11-10,2023-11-10 01:00:00,2023-11-12,2023-11-12,2023-11-20
ord_758,cust_697,delivered,2023-01-21,2023-01-21 05:00:00,2023-01-23,2023-01-26,2023-01-31
ord_759,cust_794,delivered,2023-03-23,2023-03-23 22:00:00,2023-03-24,2023-04-06,2023-04-02
ord_760,cust_501,delivered,2023-03-10,2023-03-10 06:00:00,2023-03-12,2023-03-19,2023-03-20
ord_761,cust_692,delivered,2023-05-11,2023-05-11 21:00:00,2023-05-13,2023-05-25,2023-05-21
ord_762,cust_681,delivered,2023-03-28,2023-03-28 03:00:00,2023-03-29,2023-04-01,2023-04-07
ord_763,cust_698,delivered,2023-08-06,2023-08-06 15:00:00,2023-08-07,2023-08-08,2023-08-16
ord_764,cust_174,delivered,2023-11-01,2023-11-01 05:00:00,2023-11-03,2023-11-06,2023-11-11
ord_765,cust_733,delivered,2023-12-11,2023-12-11 14:00:00,2023-12-13,2023-12-21,2023-12-21
ord_766,cust_744,delivered,2023-12-07,2023-12-07 18:00:00,2023-12-09,2023-12-21,2023-12-17
ord_767,cust_673,delivered,2023-06-10,2023-06-10 16:00:00,2023-06-11,2023-06-12,2023-06-20
ord_768,cust_420,delivered,2023-06-27,2023-06-27 06:00:00,2023-06-29,2023-07-10,2023-07-07
ord_769,cust_133,delivered,2023-04-27,2023-04-27 14:00:00,2023-04-29,2023-05-09,2023-05-07
ord_770,cust_390,delivered,2023-07-15,2023-07-15 08:00:00,2023-07-17,2023-07-18,2023-07-25
ord_771,cust_735,delivered,2023-11-23,2023-11-23 07:00:00,2023-11-24,2023-12-03,2023-12-03
ord_772,cust_500,delivered,2023-03-27,2023-03-27 08:00:00,2023-03-28,2023-03-30,2023-04-06
ord_773,cust_664,delivered,2023-10-16,2023-10-16 13:00:00,2023-10-17,2023-10-30,2023-10-26
ord_774,cust_32,delivered,2023-03-22,2023-03-22 06:00:00,2023-03-23,2023-03-26,2023-04-01
ord_775,cust_54,delivered,2023-06-01,2023-06-01 18:00:00,2023-06-03,2023-06-09,2023-06-11
ord_776,cust_518,delivered,2023-03-02,2023-03-02 02:00:00,2023-03-03,2023-03-06,2023-03-12
ord_777,cust_755,delivered,2023-03-02,2023-03-02 08:00:00,2023-03-04,2023-03-12,2023-03-12
ord_778,cust_637,delivered,2023-12-20,2023-12-20 11:00:00,2023-12-22,2023-12-27,2023-12-30
ord_779,cust_11,delivered,2023-01-28,2023-01-28 01:00:00,2023-01-30,2023-02-01,2023-02-07
ord_780,cust_527,delivered,2023-02-12,2023-02-12 22:00:00,2023-02-14,2023-02-22,2023-02-22
ord_781,cust_719,delivered,2023-06-18,2023-06-18 06:00:00,2023-06-19,2023-06-20,2023-06-28
ord_782,cust_554,delivered,2023-03-27,2023-03-27 16:00:00,2023-03-28,2023-04-07,2023-04-06
ord_783,cust_372,delivered,2023-06-26,2023-06-26 20:00:00,2023-06-27,2023-06-30,2023-07-06
ord_784,cust_483,delivered,2023-01-17,2023-01-17 12:00:00,2023-01-18,2023-01-19,2023-01-27
ord_785,cust_646,delivered,2023-04-08,2023-04-08 11:00:00,2023-04-09,2023-04-11,2023-04-18
ord_786,cust_227,delivered,2023-07-17,2023-07-17 10:00:00,2023-07-19,2023-07-30,2023-07-27
ord_787,cust_622,delivered,2023-04-08,2023-04-08 03:00:00,2023-04-09,2023-04-17,2023-04-18
ord_788,cust_306,delivered,2023-03-06,2023-03-06 13:00:00,2023-03-07,2023-03-14,2023-03-16
ord_789,cust_456,delivered,2023-11-26,2023-11-26 03:00:00,2023-11-27,2023-11-29,2023-12-06
ord_790,cust_159,delivered,2023-12-07,2023-12-07 15:00:00,2023-12-08,2023-12-10,2023-12-17
ord_791,cust_330,delivered,2023-01-05,2023-01-05 16:00:00,2023-01-07,2023-01-15,2023-01-15
ord_792,cust_775,delivered,2023-01-02,2023-01-02 13:00:00,2023-01-04,2023-01-16,2023-01-12
ord_793,cust_224,delivered,2023-01-22,2023-01-22 17:00:00,2023-01-24,2023-02-05,2023-02-01
ord_794,cust_728,delivered,2023-04-22,2023-04-22 03:00:00,2023-04-24,2023-04-29,2023-05-02
ord_795,cust_503,delivered,2023-02-26,2023-02-26 20:00:00,2023-02-28,2023-03-04,2023-03-08
ord_796,cust_455,delivered,2023-03-07,2023-03-07 11:00:00,2023-03-08,2023-03-18,2023-03-17
ord_797,cust_44,delivered,2023-11-26,2023-11-26 21:00:00,2023-11-28,2023-12-03,2023-12-06
ord_798,cust_213,delivered,2023-04-08,2023-04-08 19:00:00,2023-04-10,2023-04-18,2023-04-18
ord_799,cust_58,delivered,2023-05-24,2023-05-24 22:00:00,2023-05-26,2023-06-05,2023-06-03
ord_800,cust_643,delivered,2023-05-05,2023-05-05 11:00:00,2023-05-06,2023-05-13,2023-05-15
ord_801,cust_615,delivered,2023-06-16,2023-06-16 16:00:00,2023-06-17,2023-06-27,2023-06-26
ord_802,cust_194,delivered,2023-03-27,2023-03-27 21:00:00,2023-03-29,2023-04-07,2023-04-06
ord_803,cust_488,delivered,2023-03-17,2023-03-17 03:00:00,2023-03-18,2023-03-27,2023-03-27
ord_804,cust_156,delivered,2023-12-10,2023-12-10 22:00:00,2023-12-11,2023-12-15,2023-12-20
ord_805,cust_609,delivered,2023-10-21,2023-10-21 06:00:00,2023-10-23,2023-10-24,2023-10-31
ord_806,cust_225,delivered,2023-02-28,2023-02-28 14:00:00,2023-03-01,2023-03-13,2023-03-10
ord_807,cust_411,delivered,2023-05-18,2023-05-18 18:00:00,2023-05-19,2023-05-27,2023-05-28
ord_808,cust_204,delivered,2023-04-09,2023-04-09 17:00:00,2023-04-10,2023-04-14,2023-04-19
ord_809,cust_78,delivered,2023-07-11,2023-07-11 04:00:00,2023-07-13,2023-07-25,2023-07-21
ord_810,cust_123,delivered,2023-08-31,2023-08-31 23:00:00,2023-09-02,2023-09-10,2023-09-10
ord_811,cust_470,delivered,2023-11-15,2023-11-15 15:00:00,2023-11-17,2023-11-20,2023-11-25
ord_812,cust_217,delivered,2023-02-18,2023-02-18 11:00:00,2023-02-19,2023-02-27,2023-02-28
ord_813,cust_515,delivered,2023-02-01,2023-02-01 03:00:00,2023-02-03,2023-02-11,2023-02-11
ord_814,cust_601,delivered,2023-10-04,2023-10-04 03:00:00,2023-10-05,2023-10-18,2023-10-14
ord_815,cust_103,delivered,2023-01-20,2023-01-20 16:00:00,2023-01-21,2023-01-30,2023-01-30
ord_816,cust_392,delivered,2023-06-03,2023-06-03 05:00:00,2023-06-04,2023-06-14,2023-06-13
ord_817,cust_630,delivered,2023-03-09,2023-03-09 21:00:00,2023-03-11,2023-03-14,2023-03-19
ord_818,cust_644,delivered,2023-08-02,2023-08-02 10:00:00,2023-08-04,2023-08-04,2023-08-12
ord_819,cust_607,delivered,2023-05-23,2023-05-23 19:00:00,2023-05-25,2023-05-27,2023-06-02
ord_820,cust_433,delivered,2023-08-20,2023-08-20 04:00:00,2023-08-22,2023-08-30,2023-08-30
ord_821,cust_330,delivered,2023-08-01,2023-08-01 19:00:00,2023-08-02,2023-08-06,2023-08-11
ord_822,cust_142,delivered,2023-03-20,2023-03-20 11:00:00,2023-03-22,2023-03-26,2023-03-30
ord_823,cust_799,delivered,2023-08-02,2023-08-02 02:00:00,2023-08-03,2023-08-10,2023-08-12
ord_824,cust_539,delivered,2023-04-26,2023-04-26 10:00:00,2023-04-28,2023-05-02,2023-05-06
ord_825,cust_277,delivered,2023-04-02,2023-04-02 11:00:00,2023-04-04,2023-04-07,2023-04-12
ord_826,cust_232,delivered,2023-09-27,2023-09-27 20:00:00,2023-09-29,2023-09-30,2023-10-07
ord_827,cust_528,delivered,2023-06-17,2023-06-17 16:00:00,2023-06-18,2023-06-20,2023-06-27
ord_828,cust_570,delivered,2023-02-27,2023-02-27 19:00:00,2023-02-28,2023-03-13,2023-03-09
ord_829,cust_89,delivered,2023-10-11,2023-10-11 23:00:00,2023-10-12,2023-10-25,2023-10-21
ord_830,cust_491,delivered,2023-01-26,2023-01-26 11:00:00,2023-01-27,2023-01-31,2023-02-05
ord_831,cust_198,delivered,2023-03-07,2023-03-07 14:00:00,2023-03-08,2023-03-18,2023-03-17
ord_832,cust_361,delivered,2023-09-05,2023-09-05 02:00:00,2023-09-07,2023-09-19,2023-09-15
ord_833,cust_440,delivered,2023-09-11,2023-09-11 23:00:00,2023-09-12,2023-09-22,2023-09-21
ord_834,cust_25,delivered,2023-02-13,2023-02-13 05:00:00,2023-02-14,2023-02-27,2023-02-23
ord_835,cust_24,delivered,2023-04-07,2023-04-07 05:00:00,2023-04-08,2023-04-17,2023-04-17
ord_836,cust_393,delivered,2023-02-11,2023-02-11 19:00:00,2023-02-12,2023-02-20,2023-02-21
ord_837,cust_506,delivered,2023-08-15,2023-08-15 21:00:00,2023-08-17,2023-08-19,2023-08-25
ord_838,cust_300,delivered,2023-09-19,2023-09-19 12:00:00,2023-09-20,2023-09-29,2023-09-29
ord_839,cust_338,delivered,2023-06-16,2023-06-16 18:00:00,2023-06-18,2023-06-22,2023-06-26
ord_840,cust_266,delivered,2023-10-06,2023-10-06 04:00:00,2023-10-08,2023-10-18,2023-10-16
ord_841,cust_460,delivered,2023-03-30,2023-03-30 22:00:00,2023-04-01,2023-04-03,2023-04-09
ord_842,cust_692,delivered,2023-06-27,2023-06-27 17:00:00,2023-06-28,2023-07-03,2023-07-07
ord_843,cust_455,delivered,2023-07-16,2023-07-16 10:00:00,2023-07-18,2023-07-30,2023-07-26
ord_844,cust_359,delivered,2023-11-03,2023-11-03 20:00:00,2023-11-04,2023-11-14,2023-11-13
ord_845,cust_67,delivered,2023-09-24,2023-09-24 06:00:00,2023-09-25,2023-10-08,2023-10-04
ord_846,cust_411,delivered,2023-09-25,2023-09-25 14:00:00,2023-09-26,2023-09-30,2023-10-05
ord_847,cust_490,delivered,2023-03-15,2023-03-15 11:00:00,2023-03-16,2023-03-24,2023-03-25
ord_848,cust_48,delivered,2023-01-08,2023-01-08 11:00:00,2023-01-09,2023-01-22,2023-01-18
ord_849,cust_686,delivered,2023-10-24,2023-10-24 18:00:00,2023-10-26,2023-11-06,2023-11-03
ord_850,cust_563,delivered,2023-06-13,2023-06-13 23:00:00,2023-06-15,2023-06-19,2023-06-23
ord_851,cust_101,delivered,2023-03-26,2023-03-26 22:00:00,2023-03-27,2023-04-06,2023-04-05
ord_852,cust_215,delivered,2023-03-13,2023-03-13 18:00:00,2023-03-15,2023-03-26,2023-03-23
ord_853,cust_437,delivered,2023-02-24,2023-02-24 23:00:00,2023-02-25,2023-03-05,2023-03-06
ord_854,cust_699,delivered,2023-02-16,2023-02-16 11:00:00,2023-02-18,2023-02-26,2023-02-26
ord_855,cust_568,delivered,2023-08-26,2023-08-26 21:00:00,2023-08-28,2023-08-31,2023-09-05
ord_856,cust_558,delivered,2023-04-14,2023-04-14 12:00:00,2023-04-16,2023-04-22,2023-04-24
ord_857,cust_158,delivered,2023-07-29,2023-07-29 05:00:00,2023-07-31,2023-08-01,2023-08-08
ord_858,cust_488,delivered,2023-02-11,2023-02-11 23:00:00,2023-02-13,2023-02-18,2023-02-21
ord_859,cust_685,delivered,2023-11-12,2023-11-12 09:00:00,2023-11-13,2023-11-21,2023-11-22
ord_860,cust_241,delivered,2023-09-25,2023-09-25 09:00:00,2023-09-26,2023-10-08,2023-10-05
ord_861,cust_793,delivered,2023-09-20,2023-09-20 22:00:00,2023-09-22,2023-09-28,2023-09-30
ord_862,cust_752,delivered,2023-12-02,2023-12-02 10:00:00,2023-12-03,2023-12-10,2023-12-12
ord_863,cust_4,delivered,2023-12-31,2023-12-31 22:00:00,2024-01-02,2024-01-09,2024-01-10
ord_864,cust_595,delivered,2023-09-16,2023-09-16 19:00:00,2023-09-17,2023-09-24,2023-09-26
ord_865,cust_360,delivered,2023-10-10,2023-10-10 01:00:00,2023-10-12,2023-10-16,2023-10-20
ord_866,cust_458,delivered,2023-04-24,2023-04-24 07:00:00,2023-04-26,2023-05-02,2023-05-04
ord_867,cust_247,delivered,2023-12-29,2023-12-29 04:00:00,2023-12-31,2024-01-12,2024-01-08
ord_868,cust_565,delivered,2023-02-09,2023-02-09 01:00:00,2023-02-10,2023-02-20,2023-02-19
ord_869,cust_672,delivered,2023-08-08,2023-08-08 15:00:00,2023-08-09,2023-08-12,2023-08-18
ord_870,cust_421,delivered,2023-05-09,2023-05-09 08:00:00,2023-05-11,2023-05-15,2023-05-19
ord_871,cust_737,delivered,2023-01-08,2023-01-08 12:00:00,2023-01-10,2023-01-16,2023-01-18
ord_872,cust_14,delivered,2023-04-11,2023-04-11 22:00:00,2023-04-12,2023-04-21,2023-04-21
ord_873,cust_735,delivered,2023-06-25,2023-06-25 22:00:00,2023-06-26,2023-06-28,2023-07-05
ord_874,cust_572,delivered,2023-04-17,2023-04-17 18:00:00,2023-04-18,2023-04-22,2023-04-27
ord_875,cust_121,delivered,2023-04-11,2023-04-11 15:00:00,2023-04-12,2023-04-24,2023-04-21
ord_876,cust_276,delivered,2023-09-17,2023-09-17 17:00:00,2023-09-18,2023-09-25,2023-09-27
ord_877,cust_557,delivered,2023-09-03,2023-09-03 14:00:00,2023-09-05,2023-09-05,2023-09-13
ord_878,cust_452,delivered,2023-10-02,2023-10-02 14:00:00,2023-10-03,2023-10-16,2023-10-12
ord_879,cust_389,delivered,2023-02-01,2023-02-01 18:00:00,2023-02-03,2023-02-04,2023-02-11
ord_880,cust_293,delivered,2023-05-17,2023-05-17 20:00:00,2023-05-19,2023-05-27,2023-05-27
ord_881,cust_573,delivered,2023-01-12,2023-01-12 18:00:00,2023-01-13,2023-01-26,2023-01-22
ord_882,cust_597,delivered,2023-10-29,2023-10-29 16:00:00,2023-10-30,2023-11-09,2023-11-08
ord_883,cust_445,delivered,2023-01-16,2023-01-16 01:00:00,2023-01-18,2023-01-24,2023-01-26
ord_884,cust_209,delivered,2023-05-09,2023-05-09 23:00:00,2023-05-10,2023-05-22,2023-05-19
ord_885,cust_589,delivered,2023-03-04,2023-03-04 11:00:00,2023-03-06,2023-03-15,2023-03-14
ord_886,cust_713,delivered,2023-04-19,2023-04-19 15:00:00,2023-04-20,2023-04-27,2023-04-29
ord_887,cust_301,delivered,2023-01-21,2023-01-21 12:00:00,2023-01-22,2023-01-28,2023-01-31
ord_888,cust_222,delivered,2023-06-07,2023-06-07 08:00:00,2023-06-08,2023-06-11,2023-06-17
ord_889,cust_733,delivered,2023-09-26,2023-09-26 22:00:00,2023-09-28,2023-10-07,2023-10-06
ord_890,cust_2,delivered,2023-06-11,2023-06-11 20:00:00,2023-06-12,2023-06-15,2023-06-21
ord_891,cust_517,delivered,2023-09-17,2023-09-17 06:00:00,2023-09-19,2023-09-20,2023-09-27
ord_892,cust_92,delivered,2023-04-12,2023-04-12 03:00:00,2023-04-13,2023-04-24,2023-04-22
ord_893,cust_519,delivered,2023-08-11,2023-08-11 13:00:00,2023-08-13,2023-08-18,2023-08-21
ord_894,cust_427,delivered,2023-02-28,2023-02-28 13:00:00,2023-03-01,2023-03-05,2023-03-10
ord_895,cust_492,delivered,2023-09-04,2023-09-04 02:00:00,2023-09-06,2023-09-10,2023-09-14
ord_896,cust_234,delivered,2023-05-08,2023-05-08 05:00:00,2023-05-10,2023-05-12,2023-05-18
ord_897,cust_619,delivered,2023-10-10,2023-10-10 17:00:00,2023-10-12,2023-10-17,2023-10-20
ord_898,cust_160,delivered,2023-11-21,2023-11-21 06:00:00,2023-11-23,2023-12-03,2023-12-01
ord_899,cust_720,delivered,2023-01-25,2023-01-25 02:00:00,2023-01-27,2023-02-07,2023-02-04
ord_900,cust_751,delivered,2023-05-11,2023-05-11 04:00:00,2023-05-13,2023-05-15,2023-05-21
ord_901,cust_330,delivered,2023-12-19,2023-12-19 22:00:00,2023-12-20,2023-12-28,2023-12-29
ord_902,cust_332,delivered,2023-07-15,2023-07-15 11:00:00,2023-07-17,2023-07-25,2023-07-25
ord_903,cust_49,delivered,2023-10-08,2023-10-08 08:00:00,2023-10-10,2023-10-13,2023-10-18
ord_904,cust_522,delivered,2023-06-03,2023-06-03 12:00:00,2023-06-05,2023-06-13,2023-06-13
ord_905,cust_667,delivered,2023-05-13,2023-05-13 08:00:00,2023-05-14,2023-05-26,2023-05-23
ord_906,cust_491,delivered,2023-08-15,2023-08-15 11:00:00,2023-08-16,2023-08-23,2023-08-25
ord_907,cust_581,delivered,2023-07-08,2023-07-08 22:00:00,2023-07-09,2023-07-12,2023-07-18
ord_908,cust_680,delivered,2023-09-22,2023-09-22 20:00:00,2023-09-24,2023-09-30,2023-10-02
ord_909,cust_271,delivered,2023-05-14,2023-05-14 08:00:00,2023-05-15,2023-05-16,2023-05-24
ord_910,cust_579,delivered,2023-07-30,2023-07-30 08:00:00,2023-07-31,2023-08-03,2023-08-09
ord_911,cust_251,delivered,2023-03-01,2023-03-01 17:00:00,2023-03-03,2023-03-08,2023-03-11
ord_912,cust_559,delivered,2023-12-30,2023-12-30 20:00:00,2024-01-01,2024-01-04,2024-01-09
ord_913,cust_695,delivered,2023-12-30,2023-12-30 20:00:00,2023-12-31,2024-01-07,2024-01-09
ord_914,cust_698,delivered,2023-08-01,2023-08-01 23:00:00,2023-08-03,2023-08-05,2023-08-11
ord_915,cust_89,delivered,2023-08-04,2023-08-04 16:00:00,2023-08-06,2023-08-06,2023-08-14
ord_916,cust_445,delivered,2023-08-14,2023-08-14 14:00:00,2023-08-16,2023-08-24,2023-08-24
ord_917,cust_331,delivered,2023-05-11,2023-05-11 11:00:00,2023-05-13,2023-05-18,2023-05-21
ord_918,cust_138,delivered,2023-03-17,2023-03-17 07:00:00,2023-03-18,2023-03-26,2023-03-27
ord_919,cust_356,delivered,2023-10-13,2023-10-13 16:00:00,2023-10-15,2023-10-17,2023-10-23
ord_920,cust_600,delivered,2023-10-04,2023-10-04 13:00:00,2023-10-05,2023-10-13,2023-10-14
ord_921,cust_273,delivered,2023-06-05,2023-06-05 15:00:00,2023-06-06,2023-06-08,2023-06-15
ord_922,cust_18,delivered,2023-09-05,2023-09-05 16:00:00,2023-09-06,2023-09-18,2023-09-15
ord_923,cust_310,delivered,2023-08-06,2023-08-06 21:00:00,2023-08-07,2023-08-11,2023-08-16
ord_924,cust_153,delivered,2023-07-09,2023-07-09 23:00:00,2023-07-11,2023-07-13,2023-07-19
ord_925,cust_389,delivered,2023-06-12,2023-06-12 09:00:00,2023-06-14,2023-06-23,2023-06-22
ord_926,cust_259,delivered,2023-06-29,2023-06-29 03:00:00,2023-07-01,2023-07-01,2023-07-09
ord_927,cust_619,delivered,2023-02-03,2023-02-03 19:00:00,2023-02-04,2023-02-17,2023-02-13
ord_928,cust_796,delivered,2023-02-10,2023-02-10 20:00:00,2023-02-11,2023-02-24,2023-02-20
ord_929,cust_570,delivered,2023-11-03,2023-11-03 05:00:00,2023-11-04,2023-11-11,2023-11-13
ord_930,cust_124,delivered,2023-12-04,2023-12-04 10:00:00,2023-12-06,2023-12-16,2023-12-14
ord_931,cust_353,delivered,2023-11-10,2023-11-10 17:00:00,2023-11-11,2023-11-21,2023-11-20
ord_932,cust_272,delivered,2023-03-16,2023-03-16 15:00:00,2023-03-18,2023-03-19,2023-03-26
ord_933,cust_618,delivered,2023-10-06,2023-10-06 23:00:00,2023-10-08,2023-10-11,2023-10-16
ord_934,cust_244,delivered,2023-06-25,2023-06-25 08:00:00,2023-06-27,2023-07-05,2023-07-05
ord_935,cust_449,delivered,2023-05-30,2023-05-30 15:00:00,2023-06-01,2023-06-06,2023-06-09
ord_936,cust_246,delivered,2023-09-30,2023-09-30 21:00:00,2023-10-01,2023-10-09,2023-10-10
ord_937,cust_519,delivered,2023-11-21,2023-11-21 14:00:00,2023-11-23,2023-11-24,2023-12-01
ord_938,cust_140,delivered,2023-04-18,2023-04-18 20:00:00,2023-04-19,2023-04-26,2023-04-28
ord_939,cust_361,delivered,2023-05-19,2023-05-19 07:00:00,2023-05-21,2023-05-26,2023-05-29
ord_940,cust_7,delivered,2023-12-16,2023-12-16 21:00:00,2023-12-17,2023-12-30,2023-12-26
ord_941,cust_477,delivered,2023-09-28,2023-09-28 23:00:00,2023-09-29,2023-10-08,2023-10-08
ord_942,cust_351,delivered,2023-12-13,2023-12-13 12:00:00,2023-12-15,2023-12-21,2023-12-23
ord_943,cust_494,delivered,2023-10-16,2023-10-16 17:00:00,2023-10-18,2023-10-18,2023-10-26
ord_944,cust_605,delivered,2023-07-31,2023-07-31 17:00:00,2023-08-02,2023-08-09,2023-08-10
ord_945,cust_426,delivered,2023-09-29,2023-09-29 10:00:00,2023-09-30,2023-10-11,2023-10-09
ord_946,cust_38,delivered,2023-03-07,2023-03-07 19:00:00,2023-03-09,2023-03-18,2023-03-17
ord_947,cust_592,delivered,2023-09-05,2023-09-05 14:00:00,2023-09-07,2023-09-09,2023-09-15
ord_948,cust_186,delivered,2023-06-05,2023-06-05 11:00:00,2023-06-06,2023-06-08,2023-06-15
ord_949,cust_595,delivered,2023-02-16,2023-02-16 02:00:00,2023-02-18,2023-03-01,2023-02-26
ord_950,cust_599,delivered,2023-07-20,2023-07-20 18:00:00,2023-07-21,2023-07-24,2023-07-30
ord_951,cust_753,delivered,2023-05-28,2023-05-28 07:00:00,2023-05-30,2023-06-09,2023-06-07
ord_952,cust_92,delivered,2023-05-04,2023-05-04 12:00:00,2023-05-05,2023-05-11,2023-05-14
ord_953,cust_85,delivered,2023-01-01,2023-01-01 02:00:00,2023-01-02,2023-01-15,2023-01-11
ord_954,cust_43,delivered,2023-09-04,2023-09-04 20:00:00,2023-09-06,2023-09-08,2023-09-14
ord_955,cust_136,delivered,2023-12-09,2023-12-09 18:00:00,2023-12-10,2023-12-20,2023-12-19
ord_956,cust_420,delivered,2023-05-08,2023-05-08 06:00:00,2023-05-10,2023-05-14,2023-05-18
ord_957,cust_73,delivered,2023-07-10,2023-07-10 10:00:00,2023-07-12,2023-07-17,2023-07-20
ord_958,cust_547,delivered,2023-03-08,2023-03-08 20:00:00,2023-03-09,2023-03-17,2023-03-18
ord_959,cust_612,delivered,2023-01-04,2023-01-04 15:00:00,2023-01-06,2023-01-12,2023-01-14
ord_960,cust_511,delivered,2023-10-30,2023-10-30 05:00:00,2023-10-31,2023-11-11,2023-11-09
ord_961,cust_155,delivered,2023-10-21,2023-10-21 20:00:00,2023-10-22,2023-10-30,2023-10-31
ord_962,cust_254,delivered,2023-05-23,2023-05-23 03:00:00,2023-05-24,2023-05-27,2023-06-02
ord_963,cust_170,delivered,2023-07-10,2023-07-10 05:00:00,2023-07-11,2023-07-15,2023-07-20
ord_964,cust_727,delivered,2023-01-21,2023-01-21 08:00:00,2023-01-22,2023-01-28,2023-01-31
ord_965,cust_169,delivered,2023-08-15,2023-08-15 08:00:00,2023-08-16,2023-08-27,2023-08-25
ord_966,cust_763,delivered,2023-11-09,2023-11-09 08:00:00,2023-11-10,2023-11-17,2023-11-19
ord_967,cust_321,delivered,2023-04-27,2023-04-27 12:00:00,2023-04-28,2023-05-07,2023-05-07
ord_968,cust_566,delivered,2023-10-29,2023-10-29 23:00:00,2023-10-31,2023-11-12,2023-11-08
ord_969,cust_455,delivered,2023-05-22,2023-05-22 08:00:00,2023-05-24,2023-05-24,2023-06-01
ord_970,cust_602,delivered,2023-02-08,2023-02-08 11:00:00,2023-02-09,2023-02-22,2023-02-18
ord_971,cust_789,delivered,2023-12-21,2023-12-21 14:00:00,2023-12-23,2023-12-30,2023-12-31
ord_972,cust_612,delivered,2023-09-09,2023-09-09 08:00:00,2023-09-11,2023-09-18,2023-09-19
ord_973,cust_154,delivered,2023-11-29,2023-11-29 10:00:00,2023-12-01,2023-12-06,2023-12-09
ord_974,cust_348,delivered,2023-07-26,2023-07-26 07:00:00,2023-07-28,2023-07-31,2023-08-05
ord_975,cust_450,delivered,2023-07-29,2023-07-29 17:00:00,2023-07-31,2023-08-02,2023-08-08
ord_976,cust_652,delivered,2023-04-25,2023-04-25 04:00:00,2023-04-27,2023-05-07,2023-05-05
ord_977,cust_172,delivered,2023-08-13,2023-08-13 13:00:00,2023-08-14,2023-08-17,2023-08-23
ord_978,cust_9,delivered,2023-05-14,2023-05-14 04:00:00,2023-05-16,2023-05-21,2023-05-24
ord_979,cust_739,delivered,2023-09-08,2023-09-08 05:00:00,2023-09-10,2023-09-22,2023-09-18
ord_980,cust_264,delivered,2023-08-07,2023-08-07 22:00:00,2023-08-09,2023-08-16,2023-08-17
ord_981,cust_437,delivered,2023-04-01,2023-04-01 04:00:00,2023-04-03,2023-04-09,2023-04-11
ord_982,cust_759,delivered,2023-12-20,2023-12-20 18:00:00,2023-12-21,2024-01-01,2023-12-30
ord_983,cust_246,delivered,2023-02-15,2023-02-15 06:00:00,2023-02-16,2023-02-17,2023-02-25
ord_984,cust_666,delivered,2023-02-07,2023-02-07 23:00:00,2023-02-08,2023-02-19,2023-02-17
ord_985,cust_545,delivered,2023-05-22,2023-05-22 22:00:00,2023-05-23,2023-05-29,2023-06-01
ord_986,cust_498,delivered,2023-04-10,2023-04-10 02:00:00,2023-04-12,2023-04-18,2023-04-20
ord_987,cust_128,delivered,2023-11-24,2023-11-24 23:00:00,2023-11-25,2023-12-07,2023-12-04
ord_988,cust_671,delivered,2023-07-09,2023-07-09 11:00:00,2023-07-10,2023-07-17,2023-07-19
ord_989,cust_600,delivered,2023-02-04,2023-02-04 14:00:00,2023-02-05,2023-02-14,2023-02-14
ord_990,cust_604,delivered,2023-05-27,2023-05-27 05:00:00,2023-05-28,2023-06-08,2023-06-06
ord_991,cust_326,delivered,2023-01-30,2023-01-30 06:00:00,2023-02-01,2023-02-11,2023-02-09
ord_992,cust_752,delivered,2023-11-30,2023-11-30 10:00:00,2023-12-01,2023-12-11,2023-12-10
ord_993,cust_403,delivered,2023-03-25,2023-03-25 08:00:00,2023-03-27,2023-03-31,2023-04-04
ord_994,cust_628,delivered,2023-10-08,2023-10-08 14:00:00,2023-10-09,2023-10-10,2023-10-18
ord_995,cust_605,delivered,2023-12-10,2023-12-10 03:00:00,2023-12-12,2023-12-13,2023-12-20
ord_996,cust_674,delivered,2023-09-27,2023-09-27 12:00:00,2023-09-29,2023-10-02,2023-10-07
ord_997,cust_610,delivered,2023-06-03,2023-06-03 16:00:00,2023-06-04,2023-06-09,2023-06-13
ord_998,cust_624,delivered,2023-04-12,2023-04-12 23:00:00,2023-04-13,2023-04-22,2023-04-22
ord_999,cust_358,delivered,2023-08-03,2023-08-03 17:00:00,2023-08-04,2023-08-15,2023-08-13
