order_id,order_item_id,product_id,seller_id,price,freight_value,shipping_limit_date
ord_343,1,prod_29,sell_15,79.72841981444249,24.658701645070696,2023-04-17
ord_423,1,prod_3,sell_2,481.8540206134358,22.65719454197246,2023-09-29
ord_365,1,prod_38,sell_17,159.1638860638537,23.23468054846754,2023-12-26
ord_119,1,prod_19,sell_13,429.4132176244607,10.648588155254416,2023-04-25
ord_608,1,prod_24,sell_14,206.05982009718048,41.61270766913237,2023-12-01
ord_656,1,prod_27,sell_16,175.13323993154117,6.609480935672086,2023-09-27
ord_727,1,prod_11,sell_0,468.8761147407781,28.77019734772206,2023-01-08
ord_228,1,prod_1,sell_16,194.39483460138752,34.784527462011106,2023-03-31
ord_824,1,prod_42,sell_10,207.3381961583055,14.336124712649474,2023-10-14
ord_129,1,prod_13,sell_16,70.9240542141964,45.7632586444458,2023-11-29
ord_351,1,prod_21,sell_13,341.81439933560443,42.734714316115685,2023-11-05
ord_888,1,prod_30,sell_19,158.6429189492065,26.19876782677664,2023-05-02
ord_317,1,prod_22,sell_18,301.09000056296344,23.501701955306242,2023-08-14
ord_983,1,prod_47,sell_6,303.84881794554053,15.645556634499501,2023-06-08
ord_648,1,prod_19,sell_12,365.21585388596816,37.849695109023365,2023-06-07
ord_835,1,prod_37,sell_17,377.7159133627718,10.928470983438388,2023-01-17
ord_336,1,prod_3,sell_13,266.93716851273894,35.610698922970236,2023-05-18
ord_272,1,prod_14,sell_0,178.87613484963344,42.91056437532861,2023-11-05
ord_116,1,prod_23,sell_6,421.97642952067224,15.281220916266067,2023-10-25
ord_817,1,prod_24,sell_7,168.73551171607266,43.98923313044403,2023-11-01
ord_367,1,prod_0,sell_17,263.6043653452791,6.499543974777881,2023-08-21
ord_93,1,prod_6,sell_8,212.60123993778944,46.07543234239364,2023-10-03
ord_167,1,prod_30,sell_0,430.43762526545027,10.32630025330841,2023-02-17
ord_953,1,prod_11,sell_16,227.3208949499978,34.05916300721147,2023-12-14
ord_714,1,prod_41,sell_18,205.32761064199246,16.25371110112738,2023-11-27
ord_340,1,prod_4,sell_5,351.115372590866,42.64485760263262,2023-11-03
ord_660,1,prod_43,sell_2,309.1717327334925,28.053516241195993,2024-01-04
ord_913,1,prod_49,sell_4,71.47848007800611,11.085853606092561,2023-01-26
ord_694,1,prod_41,sell_1,263.92102704510233,30.69462070966903,2023-04-22
ord_924,1,prod_37,sell_19,373.0296263999589,23.35471745886424,2023-12-07
ord_151,1,prod_11,sell_3,496.195887003851,34.765151747589556,2023-11-04
ord_585,1,prod_38,sell_9,321.9904803057532,44.685647814355676,2023-05-02
ord_876,1,prod_17,sell_9,197.74067189183253,23.42251090325383,2023-05-09
ord_912,1,prod_1,sell_10,128.55276790501682,18.044630579023682,2023-10-13
ord_273,1,prod_9,sell_15,438.95851239359376,5.653179253742396,2023-10-24
ord_553,1,prod_14,sell_16,410.9913018144813,30.86775670369437,2023-07-27
ord_495,1,prod_29,sell_15,132.28295397410474,23.10236453441451,2023-02-25
ord_723,1,prod_43,sell_6,116.30340327035526,21.859214855667293,2023-10-03
ord_100,1,prod_16,sell_15,363.2656528693643,13.232089457789563,2023-11-25
ord_556,1,prod_3,sell_2,171.17698972100453,24.352490533607345,2023-10-09
ord_81,1,prod_6,sell_15,167.07142321373976,49.299887911251574,2023-05-26
ord_528,1,prod_40,sell_7,93.09931859247453,18.398936915250996,2023-10-07
ord_72,1,prod_30,sell_11,146.70824946071835,31.98669860336451,2023-10-22
ord_13,1,prod_38,sell_2,225.2036276444718,39.941909659205,2023-12-05
ord_432,1,prod_33,sell_16,371.76240189075946,38.712102042943926,2023-02-26
ord_156,1,prod_5,sell_17,181.4278853185999,19.794842937166585,2023-02-01
ord_734,1,prod_49,sell_10,177.7300829503245,32.48870375825827,2023-06-11
ord_131,1,prod_37,sell_3,156.7583612251692,44.206910837157075,2023-09-01
ord_337,1,prod_44,sell_15,249.57616040530064,5.695134247988507,2023-06-10
ord_403,1,prod_33,sell_16,106.70561501183136,24.608046057948844,2023-10-23
ord_375,1,prod_43,sell_8,253.10275233542026,15.092303820885737,2023-05-21
ord_887,1,prod_14,sell_5,358.00426697345114,22.488453067947752,2023-05-29
ord_558,1,prod_13,sell_19,34.29944193565865,23.719532358885875,2023-04-21
ord_106,1,prod_5,sell_1,24.694102546765695,38.600193415398664,2023-06-12
ord_619,1,prod_49,sell_8,56.05899687416443,9.221984257794942,2023-05-31
ord_264,1,prod_36,sell_5,277.1168296294938,28.06627564096297,2023-01-07
ord_204,1,prod_49,sell_2,430.13843992899365,30.38876563094354,2023-03-23
ord_78,1,prod_31,sell_19,22.344543689720933,27.237092159831196,2023-05-17
ord_154,1,prod_2,sell_5,469.59742620064685,37.93429638782241,2023-04-05
ord_782,1,prod_2,sell_6,71.01368555385719,22.270606515808133,2023-12-16
ord_987,1,prod_21,sell_0,424.15209346794865,47.52351786380343,2023-12-21
ord_996,1,prod_21,sell_0,251.77028719181445,26.68115491425236,2023-09-25
ord_246,1,prod_9,sell_4,336.4915458938451,30.70462593266589,2023-12-22
ord_530,1,prod_2,sell_5,265.12783253464755,42.148887050603726,2023-04-23
ord_857,1,prod_11,sell_12,248.98314808609024,17.385624766900513,2023-03-20
ord_947,1,prod_28,sell_1,420.7517256149079,8.384091294326112,2023-02-13
ord_537,1,prod_47,sell_14,382.82546219255187,36.85027902631171,2023-06-13
ord_728,1,prod_16,sell_14,252.03307353104202,26.73553349967704,2023-03-17
ord_153,1,prod_6,sell_12,73.58524611010957,45.342691293154765,2023-11-13
ord_153,1,prod_12,sell_13,75.39342047091591,49.22060219250953,2023-09-03
ord_685,1,prod_1,sell_6,404.7389411451562,22.959920775862813,2023-10-30
ord_91,1,prod_3,sell_13,274.107498246816,23.694755731684737,2023-02-10
ord_432,1,prod_9,sell_9,251.16278730529405,23.35831709925769,2023-03-30
ord_337,1,prod_38,sell_16,346.67208385314325,19.604934937891677,2023-09-25
ord_479,1,prod_23,sell_13,432.24396003884493,40.17591939948788,2023-11-11
ord_692,1,prod_16,sell_7,321.8591093183865,39.15480931208275,2023-06-26
ord_130,1,prod_5,sell_3,386.16699312630993,26.539019174773617,2023-06-27
ord_449,1,prod_18,sell_15,387.32985157613933,7.009754737050444,2024-01-02
ord_992,1,prod_4,sell_12,191.00549542062035,18.930168568088305,2023-02-21
ord_809,1,prod_31,sell_19,151.55993390767793,18.15363709496769,2023-05-26
ord_786,1,prod_9,sell_17,404.5587522440762,41.498926079011625,2023-05-03
ord_272,1,prod_8,sell_13,201.0458200564369,8.940900803727862,2023-10-09
ord_928,1,prod_26,sell_17,453.6012831308985,41.255392056921686,2023-08-07
ord_587,1,prod_12,sell_4,53.45153443045742,35.11326434896144,2023-08-13
ord_176,1,prod_18,sell_8,47.94440579616303,37.959865660870214,2023-01-31
ord_695,1,prod_20,sell_2,464.961996848676,24.449593441326055,2023-01-14
ord_830,1,prod_23,sell_7,331.2583588070887,35.58766082007912,2023-10-03
ord_642,1,prod_37,sell_19,202.20769109519952,32.40630251181121,2023-01-15
ord_874,1,prod_3,sell_9,382.4289991117677,39.604108785288325,2023-05-06
ord_48,1,prod_23,sell_18,342.7168687969478,25.104642551071347,2023-05-10
ord_566,1,prod_34,sell_2,274.9765024734062,26.277153120333608,2023-06-24
ord_665,1,prod_2,sell_10,67.45920447807265,33.96093002329191,2023-03-18
ord_354,1,prod_3,sell_10,409.8462019005207,9.863487214987472,2023-06-06
ord_711,1,prod_36,sell_16,435.69113152669985,24.631000176394277,2023-08-01
ord_307,1,prod_39,sell_15,102.64097050527157,48.73778803669125,2023-02-23
ord_867,1,prod_47,sell_6,428.245592948992,6.689854402702053,2023-06-08
ord_884,1,prod_34,sell_3,441.3667092879508,19.220212528987723,2023-12-18
ord_629,1,prod_30,sell_18,283.7257338984877,19.134941859021684,2023-10-25
ord_774,1,prod_43,sell_11,334.9659373868898,33.50588536560977,2023-03-14
ord_45,1,prod_24,sell_14,203.47391360695588,9.761016174086295,2023-02-24
ord_301,1,prod_39,sell_10,155.25999080444768,33.28448138954875,2023-06-06
ord_867,1,prod_12,sell_4,366.5519105367895,9.276810829322873,2023-01-24
ord_911,1,prod_3,sell_4,433.7000715275879,9.272914133824894,2023-04-15
ord_407,1,prod_45,sell_14,333.9572254187588,37.7682510734817,2023-03-06
ord_188,1,prod_13,sell_17,265.56349311034364,19.586082822475834,2023-06-21
ord_821,1,prod_12,sell_10,96.28388808520235,48.98403264711865,2023-07-26
ord_829,1,prod_26,sell_11,45.66018205031271,6.680882139599972,2023-12-16
ord_128,1,prod_5,sell_1,233.9320593184383,25.029799867309734,2023-05-31
ord_560,1,prod_16,sell_19,43.68779057476221,10.091117195331064,2023-06-18
ord_536,1,prod_35,sell_14,293.28062331546806,20.81205350411489,2023-09-04
ord_265,1,prod_39,sell_19,203.7100118325302,49.92001027740728,2023-03-15
ord_117,1,prod_48,sell_3,383.45077744734533,44.99791302823393,2023-06-29
ord_463,1,prod_34,sell_17,166.71127848136805,7.1745983984928605,2023-02-23
ord_143,1,prod_16,sell_5,304.6316964643674,30.346512972155754,2023-04-23
ord_441,1,prod_40,sell_18,278.0880904424482,34.1520037170996,2023-08-19
ord_199,1,prod_1,sell_10,22.261964250675756,14.429058077755656,2023-06-15
ord_156,1,prod_12,sell_1,54.74691116686897,11.529750802840262,2023-05-04
ord_486,1,prod_1,sell_7,159.37674199328984,45.69715105994855,2023-06-03
ord_859,1,prod_27,sell_10,443.47283888996725,48.596739866751946,2023-06-04
ord_133,1,prod_42,sell_4,90.56717835189372,49.63517857938388,2023-10-25
ord_911,1,prod_25,sell_17,361.22927862105996,40.53927981805855,2023-05-28
ord_147,1,prod_21,sell_17,487.2159517530979,34.85759312323657,2023-06-14
ord_335,1,prod_46,sell_13,399.4724252917545,20.557861348684906,2023-01-16
ord_70,1,prod_42,sell_9,136.6137736097811,12.712924054613861,2023-05-23
ord_232,1,prod_2,sell_2,456.0153249982792,8.554126971480427,2023-03-24
ord_333,1,prod_34,sell_8,64.69143512402724,36.198386084817145,2023-03-23
ord_810,1,prod_11,sell_2,244.70813209795318,40.31255368307112,2023-09-16
ord_665,1,prod_23,sell_10,446.0201157086786,42.1904143604741,2023-09-20
ord_89,1,prod_4,sell_11,327.8075404432975,46.119425148670935,2023-11-21
ord_333,1,prod_19,sell_11,218.54939106929544,44.59683036372681,2023-10-23
ord_198,1,prod_38,sell_2,160.550176033841,49.98835725161417,2023-09-25
ord_160,1,prod_38,sell_6,200.04771455280797,15.982880493526308,2023-03-31
ord_537,1,prod_12,sell_13,264.2920548844574,39.348842684549474,2023-05-31
ord_120,1,prod_40,sell_10,173.14108633894756,31.390678056865895,2023-11-24
ord_300,1,prod_44,sell_6,485.10457379950384,16.75603096041121,2023-02-16
ord_723,1,prod_11,sell_9,467.8772734717496,49.185739502912426,2023-05-10
ord_574,1,prod_12,sell_10,437.92230474287396,45.40541471484135,2023-06-21
ord_962,1,prod_9,sell_14,222.47832105087363,10.78320507998524,2023-09-03
ord_435,1,prod_32,sell_18,351.82484928090986,6.177125404553893,2023-10-12
ord_67,1,prod_39,sell_15,453.358067377263,35.97488430497046,2023-07-12
ord_764,1,prod_15,sell_19,428.20615408588543,32.18587829854408,2023-11-03
ord_921,1,prod_44,sell_11,218.8769667296997,47.111703085001565,2023-01-24
ord_458,1,prod_34,sell_17,73.94530367468514,15.530237922216642,2023-03-14
ord_513,1,prod_2,sell_12,56.30257464058374,8.797457655274417,2023-08-11
ord_397,1,prod_4,sell_4,296.9907417083373,16.66469001973939,2023-04-17
ord_619,1,prod_25,sell_3,328.4614089012472,5.851743823015855,2023-02-16
ord_285,1,prod_10,sell_13,427.9244502065716,6.615173803501959,2023-10-20
ord_560,1,prod_6,sell_7,160.4072097636949,46.16860126643418,2023-06-21
ord_139,1,prod_9,sell_8,100.38583546402039,20.840746212584524,2023-04-24
ord_729,1,prod_41,sell_18,201.92279992553574,23.486405045435628,2023-02-10
ord_555,1,prod_33,sell_2,189.71605934349202,5.826724454214698,2023-08-25
ord_928,1,prod_2,sell_4,83.58509792857028,17.1734801077331,2023-08-22
ord_780,1,prod_7,sell_17,342.695673206313,41.212669268364394,2023-12-24
ord_589,1,prod_30,sell_0,264.17213155010046,32.69709318500236,2023-06-18
ord_727,1,prod_10,sell_7,366.1389229350878,38.92012704888869,2023-03-19
ord_893,1,prod_44,sell_18,189.29173768147265,25.124618335720328,2023-05-21
ord_609,1,prod_6,sell_16,176.3370615572971,18.93781497880985,2023-12-24
ord_747,1,prod_44,sell_16,246.8364094610507,26.726454199776665,2023-03-16
ord_281,1,prod_1,sell_10,441.15552578967055,19.5381980782588,2023-07-20
ord_660,1,prod_5,sell_1,39.335027232310566,42.75369935033306,2023-10-01
ord_923,1,prod_40,sell_5,406.3197523023066,18.395317201678058,2023-02-23
ord_815,1,prod_31,sell_13,197.11405407572312,34.68936382038877,2023-11-17
ord_995,1,prod_19,sell_2,430.2171323784693,11.164200003928752,2023-05-15
ord_935,1,prod_33,sell_11,405.0574442412111,35.90899221807095,2023-01-10
ord_577,1,prod_49,sell_3,187.40539875012243,46.09848702200152,2023-02-01
ord_745,1,prod_15,sell_11,353.06073695437567,32.38624195879588,2023-06-14
ord_456,1,prod_24,sell_12,96.62372325125126,30.193492101551474,2023-06-03
ord_86,1,prod_11,sell_1,450.21514503861823,48.25032206097381,2023-09-26
ord_78,1,prod_6,sell_1,214.1557109369165,33.23284498921309,2023-08-23
ord_204,1,prod_38,sell_14,238.7002953704961,16.679769497288717,2023-07-24
ord_790,1,prod_16,sell_16,358.76434449775275,18.15759607314832,2023-02-24
ord_336,1,prod_44,sell_6,414.00331361832843,36.73879891411673,2023-03-13
ord_253,1,prod_10,sell_13,133.4445167975406,38.09464672514839,2023-11-01
ord_303,1,prod_5,sell_11,337.4480671409578,18.657330430505684,2023-03-04
ord_379,1,prod_22,sell_16,208.15906106679128,20.54047900668486,2023-09-21
ord_129,1,prod_26,sell_13,196.97740352190144,49.59754289325892,2023-12-13
ord_595,1,prod_45,sell_5,351.21239549151426,9.587864731112486,2023-11-27
ord_275,1,prod_5,sell_18,205.84797159484847,23.20902627980447,2023-05-15
ord_698,1,prod_37,sell_5,186.13208007891566,7.810138903887836,2023-08-08
ord_557,1,prod_1,sell_17,421.22643590059636,41.94852628992085,2023-06-26
ord_898,1,prod_21,sell_4,68.61253943888306,9.155562752544451,2023-09-20
ord_182,1,prod_19,sell_5,344.4284589585011,35.330331040822,2023-04-17
ord_267,1,prod_24,sell_1,139.38818901949983,7.541754080156693,2023-08-02
ord_807,1,prod_14,sell_7,27.439156076571347,35.278476701436105,2023-10-23
ord_321,1,prod_48,sell_14,100.04684905889218,42.93666261174665,2023-12-25
ord_511,1,prod_28,sell_14,311.1975342924165,22.94696871158258,2023-10-18
ord_611,1,prod_7,sell_10,360.38105191324996,28.49569220444796,2023-05-01
ord_77,1,prod_36,sell_0,30.10773610703362,23.069378210237712,2023-09-26
ord_783,1,prod_48,sell_17,37.48421278482567,18.52199413846875,2023-06-04
ord_338,1,prod_32,sell_11,453.2202151246175,41.14685302822077,2023-11-01
ord_673,1,prod_21,sell_11,55.18679269458552,17.240115817894534,2023-02-10
ord_555,1,prod_49,sell_10,449.2074361359542,37.53245409752512,2023-12-04
ord_508,1,prod_46,sell_7,129.51963860043477,14.278868566484102,2023-10-19
ord_237,1,prod_4,sell_6,375.20854407594214,16.24342082352483,2023-11-04
ord_133,1,prod_38,sell_1,168.6719594940858,20.140752315974552,2023-11-12
ord_972,1,prod_17,sell_10,432.20097229240827,31.51203698272047,2023-08-01
ord_191,1,prod_37,sell_9,356.21833540369175,25.449004362179352,2023-04-21
ord_355,1,prod_36,sell_2,212.87046012881368,38.53151644225192,2023-06-12
ord_277,1,prod_29,sell_19,56.62517800355818,14.610528515128655,2023-05-06
ord_17,1,prod_30,sell_9,371.69608825798736,5.480252953197535,2023-03-01
ord_523,1,prod_9,sell_17,316.10468286328717,39.9450862303349,2023-01-17
ord_179,1,prod_14,sell_13,21.397624560218595,41.97422002460326,2023-05-30
ord_122,1,prod_41,sell_17,24.521530866773755,7.676607339877529,2023-05-21
ord_245,1,prod_47,sell_7,408.22062713249306,32.49083849712784,2023-01-08
ord_733,1,prod_43,sell_9,144.51187462488986,22.019305274288506,2023-05-29
ord_372,1,prod_17,sell_12,325.3441605094715,40.725304483753256,2023-02-04
ord_50,1,prod_22,sell_7,238.02292148731877,44.348654938841534,2023-08-30
ord_999,1,prod_32,sell_3,434.44640697044827,43.29516950587621,2023-10-11
ord_70,1,prod_15,sell_3,460.14133428919456,39.97419113078835,2023-12-19
ord_479,1,prod_37,sell_4,498.46770208584996,17.10735029339733,2023-04-30
ord_559,1,prod_34,sell_0,93.76838518747847,41.53503396057425,2023-04-19
ord_18,1,prod_33,sell_16,434.2227423082282,29.006531415783172,2023-05-03
ord_773,1,prod_27,sell_1,147.69026082982487,7.374047667444087,2023-01-10
ord_83,1,prod_1,sell_7,303.5916199498437,25.562248245421202,2023-12-31
ord_154,1,prod_29,sell_6,262.77096025722125,47.397106266349695,2023-09-10
ord_564,1,prod_12,sell_14,28.634303154746075,44.95367073809987,2024-01-04
ord_618,1,prod_40,sell_4,467.73021435492547,9.601892644870222,2023-11-22
ord_356,1,prod_15,sell_1,57.59698647162486,38.48570085714666,2023-05-06
ord_815,1,prod_4,sell_6,350.3450813157132,41.260678968120565,2023-10-18
ord_646,1,prod_27,sell_7,396.80328137996577,17.212468470654414,2023-06-03
ord_442,1,prod_38,sell_6,401.73816754288845,26.222385683349152,2023-03-30
ord_68,1,prod_44,sell_6,85.0373690858455,36.99445736586573,2023-08-24
ord_522,1,prod_19,sell_13,234.8335762438266,24.756866996951654,2023-10-20
ord_142,1,prod_23,sell_17,418.12585780831034,10.075861348995963,2023-06-15
ord_191,1,prod_26,sell_5,165.28602098180224,36.76471001067747,2023-10-04
ord_386,1,prod_29,sell_3,244.51936417983853,46.02374103808866,2023-02-12
ord_377,1,prod_44,sell_9,150.94106849592598,34.36181277827709,2023-08-19
ord_580,1,prod_26,sell_17,242.5046805849556,39.82103368560652,2023-05-27
ord_534,1,prod_25,sell_11,446.16220284458245,21.126314104602283,2023-10-24
ord_692,1,prod_6,sell_15,238.45963089572933,13.243921030698568,2023-06-05
ord_292,1,prod_41,sell_6,286.8377681956738,33.92481477282317,2023-04-29
ord_8,1,prod_46,sell_5,213.9086159854801,19.74970426285485,2023-08-30
ord_270,1,prod_37,sell_4,240.85624793759624,43.703308354540674,2023-03-12
ord_386,1,prod_4,sell_2,27.283615542282416,10.518262249010295,2024-01-01
ord_92,1,prod_22,sell_11,156.1978447810189,24.505866487990566,2023-12-12
ord_965,1,prod_27,sell_14,229.55922643607573,22.85274202107736,2023-09-20
ord_528,1,prod_33,sell_9,324.22254847650987,47.212423409926835,2023-09-11
ord_153,1,prod_14,sell_19,236.02492666586824,11.891066027198175,2023-12-02
ord_404,1,prod_31,sell_18,182.15218079435073,5.443107125540493,2023-11-24
ord_839,1,prod_25,sell_15,206.28739296519544,15.713834576320291,2023-07-04
ord_148,1,prod_47,sell_10,136.30079801622395,41.91245868958945,2023-07-14
ord_888,1,prod_30,sell_7,463.7572557315454,14.419481722115767,2023-06-08
ord_266,1,prod_18,sell_2,270.43674837963897,15.839512866746722,2023-07-20
ord_421,1,prod_8,sell_6,26.436537858619094,10.845446204156486,2023-11-12
ord_839,1,prod_28,sell_6,29.334204041382375,37.19462914744432,2023-09-24
ord_617,1,prod_38,sell_13,487.02158477698,8.112838572743772,2023-05-28
ord_471,1,prod_3,sell_1,126.29642785915762,19.904373604783473,2023-12-13
ord_892,1,prod_2,sell_9,406.69197863087106,17.712442697943402,2023-11-17
ord_546,1,prod_28,sell_18,47.97214474907575,29.982187840556968,2023-04-16
ord_630,1,prod_10,sell_8,462.15811361338353,37.8687319258881,2023-09-06
ord_525,1,prod_32,sell_15,439.7201617600056,28.979439561353633,2023-01-17
ord_502,1,prod_37,sell_18,294.12471796856704,46.89616968387804,2023-09-01
ord_13,1,prod_10,sell_17,24.31935549596277,47.81491874992994,2023-02-23
ord_777,1,prod_26,sell_8,143.74921953120204,21.265939782433193,2023-02-16
ord_651,1,prod_32,sell_15,215.2748707512632,39.995616932370176,2023-06-20
ord_805,1,prod_20,sell_12,240.83077603882964,38.24606224706854,2023-03-28
ord_363,1,prod_38,sell_9,162.88580410993856,45.18340662671723,2023-10-23
ord_118,1,prod_30,sell_19,35.81497675785439,25.15746380934665,2023-06-12
ord_237,1,prod_37,sell_13,303.2611548447402,28.87129342390065,2023-08-09
ord_545,1,prod_45,sell_11,271.59424049348286,23.70984411117083,2023-06-12
ord_168,1,prod_1,sell_18,155.8403050059573,43.266961368486754,2023-05-19
ord_521,1,prod_26,sell_6,38.22846443341113,15.336604191296047,2023-03-13
ord_633,1,prod_35,sell_14,497.40520986653127,15.78690852091001,2023-12-07
ord_912,1,prod_10,sell_15,251.35336967667484,21.76722966096859,2023-01-12
ord_656,1,prod_46,sell_7,382.882036051557,15.365427444605803,2023-01-19
ord_962,1,prod_17,sell_9,237.11073682464104,30.245307638671434,2023-03-19
ord_957,1,prod_0,sell_3,40.72173961421189,11.052054792297604,2023-06-17
ord_734,1,prod_34,sell_18,168.60835764104002,19.40837987318249,2023-03-12
ord_882,1,prod_34,sell_18,173.65286768283258,46.10501143140155,2023-12-18
ord_768,1,prod_30,sell_14,422.4093939435277,23.415146608630817,2023-05-15
ord_779,1,prod_27,sell_13,334.0303894399397,38.670517242207914,2023-07-30
ord_870,1,prod_38,sell_0,152.20635374694697,10.105798626795831,2023-10-08
ord_515,1,prod_0,sell_15,484.5151782363613,16.14040286638031,2023-09-18
ord_937,1,prod_24,sell_9,174.34007955097826,41.33055295401658,2023-09-28
ord_396,1,prod_42,sell_18,499.15233239778576,39.33468213303623,2023-01-30
ord_865,1,prod_37,sell_2,498.15857272172633,22.37701633672195,2023-10-13
ord_105,1,prod_19,sell_4,111.78104851843607,47.94786059150634,2023-09-15
ord_84,1,prod_2,sell_8,170.11573577043208,45.978935712554545,2023-11-11
ord_213,1,prod_1,sell_17,253.301215272634,48.30353371005079,2023-10-21
ord_120,1,prod_17,sell_10,338.7683221509877,24.256161058450342,2023-06-18
ord_131,1,prod_43,sell_15,273.4627755218237,13.886311265855737,2023-04-10
ord_849,1,prod_9,sell_1,485.3319051834833,33.19963875911034,2023-10-02
ord_196,1,prod_4,sell_11,367.5147988331319,35.81479212256393,2023-11-22
ord_18,1,prod_8,sell_5,121.78152770382772,10.6448803002734,2023-04-25
ord_641,1,prod_1,sell_10,70.44682410254639,40.391736543315766,2023-12-07
ord_11,1,prod_33,sell_7,350.43261954049126,5.812709889198223,2023-11-11
ord_80,1,prod_37,sell_11,96.05717128676623,26.722777436455253,2023-08-31
ord_329,1,prod_30,sell_1,398.084883361162,19.89573167727027,2023-01-30
ord_865,1,prod_9,sell_8,169.29760028496173,38.31363769545878,2023-05-26
ord_773,1,prod_49,sell_14,176.90876626669112,19.074232733981717,2023-05-02
ord_391,1,prod_11,sell_1,25.183228346965745,42.20632007514648,2023-01-30
ord_636,1,prod_35,sell_0,356.48540820561954,31.772906995136474,2023-03-25
ord_306,1,prod_20,sell_9,74.36948147104917,40.725201279293245,2023-03-14
ord_266,1,prod_48,sell_1,390.9826771824887,49.52032870278307,2023-06-27
ord_446,1,prod_46,sell_11,256.09655452025925,35.56212555846005,2023-01-17
ord_440,1,prod_5,sell_7,396.45431117819317,49.32276423627398,2023-10-20
ord_894,1,prod_47,sell_4,300.28473881491584,6.297634711476741,2023-05-13
ord_651,1,prod_48,sell_0,59.56797056911556,20.21629948177138,2023-04-11
ord_840,1,prod_2,sell_14,387.51312161848784,9.853396905303912,2023-04-07
ord_1,1,prod_9,sell_5,53.50375274947987,16.80372191229978,2023-05-26
ord_519,1,prod_4,sell_11,249.77682587327948,42.74995546065985,2023-02-05
ord_761,1,prod_45,sell_7,102.72762278958238,6.454546939674064,2023-12-05
ord_650,1,prod_25,sell_12,381.12088542938477,28.408232107957716,2023-01-25
ord_635,1,prod_20,sell_18,457.5637893469407,30.520791838956786,2023-05-31
ord_308,1,prod_44,sell_0,285.98055841197163,30.251801600238025,2023-11-17
ord_739,1,prod_25,sell_10,273.0307012636066,26.388368322046507,2023-06-14
ord_521,1,prod_37,sell_19,386.7023342362966,40.57713341463899,2023-12-20
ord_468,1,prod_43,sell_0,22.43783022834906,11.009439027749803,2023-02-17
ord_211,1,prod_25,sell_7,460.52414846487716,18.97596569978543,2023-09-16
ord_111,1,prod_7,sell_4,114.77543220374322,32.707672405032774,2023-05-15
ord_7,1,prod_4,sell_16,492.37706423659387,36.09281148205801,2023-03-06
ord_803,1,prod_14,sell_7,373.40189502102186,23.186679429967533,2023-06-05
ord_476,1,prod_15,sell_9,391.6405508963221,44.391706849725495,2023-10-19
ord_873,1,prod_0,sell_1,334.97743057933116,23.697202851316145,2023-01-10
ord_459,1,prod_15,sell_8,246.39832773687692,23.124926045674993,2023-09-28
ord_252,1,prod_36,sell_2,294.38129281335944,6.629326766932323,2023-12-16
ord_525,1,prod_2,sell_17,42.27338528726031,29.801360128763022,2023-05-15
ord_751,1,prod_46,sell_6,319.50056452736686,36.89063773303573,2023-09-29
ord_437,1,prod_30,sell_14,320.5270889537824,10.149717358258165,2023-07-02
ord_753,1,prod_12,sell_19,447.7763827528685,18.744474473954188,2023-09-15
ord_980,1,prod_15,sell_17,262.7150515665053,40.156562920228346,2023-03-02
ord_853,1,prod_42,sell_2,57.02929956130929,21.466374593610894,2023-03-29
ord_660,1,prod_20,sell_13,166.97404183139898,15.872110791801795,2023-04-14
ord_235,1,prod_1,sell_1,334.7021178148724,35.24902986043005,2023-06-03
ord_305,1,prod_26,sell_13,134.84425412070266,13.854144995224503,2023-11-30
ord_477,1,prod_37,sell_10,154.65335449059245,45.304381381242955,2023-06-10
ord_678,1,prod_25,sell_15,413.82512785320966,9.751927821176343,2023-07-14
ord_19,1,prod_37,sell_7,300.4734712461003,36.794741102727215,2023-09-25
ord_215,1,prod_45,sell_6,264.0931672513148,27.479691557886884,2023-03-26
ord_854,1,prod_24,sell_10,172.85694406678607,44.14683030786471,2023-09-14
ord_134,1,prod_10,sell_2,370.845457247856,10.678779096180648,2023-04-12
ord_904,1,prod_7,sell_16,158.10484855521406,35.50527133232396,2023-09-22
ord_128,1,prod_7,sell_13,373.7904884692041,30.742458763162166,2023-09-22
ord_409,1,prod_32,sell_5,53.64871052837216,26.60405640080209,2023-04-18
ord_421,1,prod_6,sell_7,434.9798439594001,27.113326854470078,2023-02-14
ord_293,1,prod_37,sell_4,259.79190242044774,37.48896328093389,2023-10-05
ord_245,1,prod_20,sell_7,230.4838480155056,47.198374472066995,2023-04-16
ord_700,1,prod_7,sell_1,313.29123754012375,9.106324660357163,2023-12-30
ord_555,1,prod_20,sell_14,319.6121949902098,5.87761914247341,2023-11-09
ord_85,1,prod_19,sell_11,83.37688490719786,41.256715661654155,2023-08-14
ord_555,1,prod_7,sell_16,382.99212311178235,9.86762243978417,2023-11-09
ord_841,1,prod_45,sell_0,152.44558301603018,49.40135582361907,2023-05-09
ord_374,1,prod_30,sell_14,454.3817024815587,32.87067120314768,2023-08-24
ord_445,1,prod_49,sell_13,412.5683184391196,34.28898778643633,2023-07-02
ord_377,1,prod_28,sell_19,186.20769993667926,13.950126632210782,2023-03-09
ord_389,1,prod_47,sell_15,407.7148607363429,15.81405396335035,2023-05-01
ord_656,1,prod_8,sell_8,191.06743966395402,34.67076363946626,2023-07-15
ord_50,1,prod_14,sell_0,68.4548871852995,45.93770770703886,2023-03-08
ord_241,1,prod_29,sell_16,481.7063545883398,49.2075749532905,2023-09-18
ord_293,1,prod_25,sell_12,333.24896730341123,13.911392598399214,2023-01-12
ord_919,1,prod_9,sell_4,238.927772798044,11.035383021940557,2023-06-09
ord_562,1,prod_28,sell_9,210.93120873489903,7.538061099235572,2023-04-07
ord_265,1,prod_15,sell_5,175.85856044396672,44.073365817259756,2023-01-19
ord_119,1,prod_35,sell_18,491.09484580598206,18.262168108541093,2023-08-22
ord_711,1,prod_19,sell_12,84.67868726283555,5.081541524116325,2023-04-01
ord_916,1,prod_44,sell_0,171.10642828187278,15.071813872539298,2023-05-18
ord_247,1,prod_36,sell_19,253.03886733567848,20.31984860447383,2023-07-07
ord_69,1,prod_21,sell_14,249.43978162606948,49.59437762735084,2023-03-08
ord_852,1,prod_6,sell_13,246.25591251576486,28.559371723568674,2023-08-12
ord_56,1,prod_22,sell_7,104.37623159858327,14.212127641779558,2023-09-08
ord_381,1,prod_40,sell_9,89.56761301256026,20.066825512105297,2023-08-23
ord_38,1,prod_39,sell_8,142.28844143773762,19.86384594005953,2023-03-25
ord_983,1,prod_28,sell_16,458.9725538249869,5.8876585908428964,2023-06-03
ord_800,1,prod_15,sell_8,74.26542456056487,11.083237437714352,2023-05-23
ord_442,1,prod_37,sell_2,383.5640496191959,36.2838406866445,2023-11-15
ord_17,1,prod_27,sell_10,383.62322870401823,10.411294395683058,2023-03-11
ord_951,1,prod_47,sell_11,408.6897938706859,15.383042447275345,2023-01-18
ord_731,1,prod_37,sell_9,445.57543471489066,20.783178428193896,2023-08-06
ord_824,1,prod_30,sell_16,146.25736521868652,39.098072502603216,2023-09-04
ord_755,1,prod_13,sell_16,127.78854524907025,31.20804341905729,2023-08-06
ord_351,1,prod_32,sell_10,243.44271993319026,36.004999324485574,2023-07-05
ord_971,1,prod_8,sell_3,147.24280100097735,30.51555464390775,2023-12-09
ord_815,1,prod_26,sell_6,372.46879471189163,35.76165913498411,2023-06-27
ord_297,1,prod_23,sell_13,325.25099683588815,5.12789691487876,2023-06-14
ord_282,1,prod_12,sell_6,439.9940902652727,46.89041649671432,2023-06-18
ord_585,1,prod_25,sell_7,59.714385673794354,9.991410389366294,2023-07-12
ord_109,1,prod_28,sell_0,459.2400000118759,23.281209318960716,2023-07-15
ord_179,1,prod_48,sell_3,160.80734080164297,39.69672666101847,2023-11-09
ord_937,1,prod_42,sell_11,255.53328604495232,24.585382310424077,2023-09-18
ord_543,1,prod_27,sell_2,230.53348925102898,47.607914825038215,2023-07-07
ord_745,1,prod_27,sell_12,384.9495925301235,26.041502682444502,2023-05-02
ord_793,1,prod_7,sell_19,221.75998852728443,44.37227325212021,2023-10-14
ord_24,1,prod_22,sell_5,472.90550991171654,41.48726510130219,2023-07-20
ord_842,1,prod_28,sell_10,453.2162636665162,49.14438362594074,2023-02-08
ord_790,1,prod_4,sell_3,438.6373529453631,46.69465013379389,2023-02-26
ord_737,1,prod_41,sell_19,54.20399967114939,45.41557256207954,2023-04-27
ord_56,1,prod_6,sell_15,430.04386954589097,37.92219532337607,2023-09-14
ord_179,1,prod_41,sell_6,395.18501381274103,21.514916627069933,2023-03-28
ord_231,1,prod_35,sell_10,69.68621456294288,9.77564383542061,2023-08-25
ord_893,1,prod_40,sell_0,71.5588762093865,35.98902735189755,2023-08-20
ord_342,1,prod_26,sell_6,68.55862952841976,49.039433660208424,2023-08-26
ord_476,1,prod_45,sell_11,25.43964473815402,37.6971996799341,2023-08-14
ord_798,1,prod_1,sell_6,283.3444664934001,46.7928216174801,2023-02-16
ord_575,1,prod_24,sell_6,487.22925988930075,41.19371208299825,2023-01-26
ord_454,1,prod_8,sell_9,230.5686573919009,12.340160380250545,2023-02-16
ord_231,1,prod_26,sell_15,279.5636009059311,16.214169676607927,2023-04-28
ord_288,1,prod_0,sell_7,484.6255024495787,20.383952079305764,2023-04-20
ord_212,1,prod_22,sell_8,142.48746981163072,12.571719995210186,2023-07-16
ord_257,1,prod_9,sell_8,432.0657212471662,31.174309970285304,2023-01-22
ord_529,1,prod_41,sell_1,282.2674242616333,48.895273586072804,2023-05-05
ord_686,1,prod_24,sell_12,293.34872703824516,39.26564750462714,2023-05-14
ord_928,1,prod_2,sell_12,184.72345145949612,24.052403708035783,2023-05-15
ord_228,1,prod_5,sell_3,289.5604932641159,5.20270164411299,2023-03-06
ord_225,1,prod_5,sell_11,55.10840454957629,19.097420501218043,2023-02-22
ord_595,1,prod_1,sell_16,387.02891485477386,28.704167946149685,2023-02-03
ord_802,1,prod_17,sell_1,156.6501255412504,19.59128932333868,2023-04-12
ord_434,1,prod_22,sell_12,446.0519981570984,9.996571536073679,2023-01-15
ord_881,1,prod_1,sell_17,196.56833341158006,24.924423058785255,2023-09-04
ord_757,1,prod_11,sell_14,88.55557303370364,16.39637676345723,2023-11-15
ord_401,1,prod_21,sell_7,354.0231556968728,45.91545694076756,2023-08-25
ord_621,1,prod_36,sell_14,98.99750946248136,9.578953782545709,2023-10-09
ord_765,1,prod_19,sell_0,381.7666474606354,7.2118682926119675,2023-10-16
ord_87,1,prod_38,sell_19,484.6938734749359,5.2391376119687925,2023-07-27
ord_583,1,prod_23,sell_9,394.1853770217256,19.7631358018546,2023-09-09
ord_892,1,prod_47,sell_11,30.775639247035844,34.71740771903998,2023-10-22
ord_541,1,prod_19,sell_4,307.94517826533183,37.86861887968067,2023-09-26
ord_683,1,prod_0,sell_8,353.79712206546765,25.39677575217754,2023-08-07
ord_308,1,prod_0,sell_7,416.2199963822169,35.794789270487,2023-07-24
ord_905,1,prod_16,sell_15,46.88110829072008,21.196131629691354,2023-03-25
ord_342,1,prod_0,sell_13,250.45175741709744,35.05127989939776,2023-12-14
ord_435,1,prod_44,sell_12,276.9780188664293,6.8268193386068035,2023-12-15
ord_176,1,prod_29,sell_12,101.17993406920546,22.583884305515188,2023-06-27
ord_138,1,prod_40,sell_4,174.77590866111183,40.58823549349306,2023-03-15
ord_193,1,prod_46,sell_15,231.30642860295927,41.13527137065506,2023-04-02
ord_185,1,prod_2,sell_10,419.9406502197447,37.22669504940626,2023-04-16
ord_217,1,prod_45,sell_4,466.1156317136993,14.190737925643898,2023-01-13
ord_163,1,prod_10,sell_12,321.642957880483,16.124230351878495,2023-12-04
ord_160,1,prod_23,sell_10,209.57368929030181,49.82399272690305,2023-07-24
ord_942,1,prod_21,sell_18,141.93488854351327,9.652010324088195,2023-04-02
ord_524,1,prod_43,sell_2,491.4248885293522,13.129821450608421,2023-02-17
ord_807,1,prod_44,sell_14,491.84959907665205,10.851181504255967,2023-04-24
ord_600,1,prod_25,sell_6,463.9889351528167,19.7444733657627,2023-06-06
ord_835,1,prod_12,sell_6,397.12119194135323,14.45791258552655,2023-01-22
ord_41,1,prod_0,sell_5,176.37418099789676,27.395958179649746,2023-05-18
ord_914,1,prod_23,sell_2,412.1602320788627,26.420931809605396,2023-06-02
ord_209,1,prod_9,sell_12,216.22064829016284,45.56775287530864,2023-10-09
ord_740,1,prod_34,sell_6,176.8510871144217,6.563297635015166,2023-08-25
ord_861,1,prod_23,sell_4,377.5353720638142,19.394580950049352,2023-11-15
ord_274,1,prod_27,sell_17,58.23388525780299,31.84960513986906,2023-08-21
ord_953,1,prod_35,sell_7,43.310107181917616,32.21607928297837,2023-05-24
ord_278,1,prod_15,sell_16,235.0177746469691,26.605680305639414,2023-08-04
ord_250,1,prod_39,sell_19,233.9066243946377,41.704949336658515,2023-02-02
ord_309,1,prod_15,sell_0,449.9091934706408,7.8224977136506455,2023-02-25
ord_719,1,prod_16,sell_13,80.55348621815206,41.696949451106114,2023-09-23
ord_832,1,prod_14,sell_16,79.17628517715814,27.263940819606663,2023-09-23
ord_139,1,prod_15,sell_9,90.77724822795255,11.019231278465098,2023-12-21
ord_791,1,prod_14,sell_11,34.27340542140925,44.8565861093215,2023-12-23
ord_545,1,prod_33,sell_15,54.43123415115602,34.215295079343356,2023-01-13
ord_820,1,prod_10,sell_13,336.7375360779387,12.359555907086268,2023-11-21
ord_903,1,prod_0,sell_15,227.16047797640442,6.514237552956198,2023-05-23
ord_529,1,prod_14,sell_7,386.52947220224655,11.349934174969217,2023-02-12
ord_56,1,prod_25,sell_9,496.4469049191969,32.39590820811771,2023-04-26
ord_111,1,prod_3,sell_16,336.33664692752063,13.06833058670218,2023-08-13
ord_4,1,prod_42,sell_17,44.21867389765939,15.159338369376265,2023-12-08
ord_409,1,prod_4,sell_19,70.19017508208393,6.131287659034138,2023-08-16
ord_413,1,prod_34,sell_15,442.8819607110598,37.53188025073716,2023-05-21
ord_181,1,prod_12,sell_16,273.1980533879655,41.466397989174666,2023-09-18
ord_12,1,prod_9,sell_15,415.9218365099552,40.85816795474554,2023-12-31
ord_338,1,prod_10,sell_18,431.1739213879645,10.74056681139279,2023-11-30
ord_796,1,prod_17,sell_7,465.28377991976924,45.64855073249417,2023-02-23
ord_258,1,prod_33,sell_5,475.9180186334556,35.2525473263336,2023-10-24
ord_89,1,prod_38,sell_5,286.31638232158696,45.388788006958904,2023-11-25
ord_615,1,prod_40,sell_8,183.68968268289626,25.12222270387986,2023-03-24
ord_890,1,prod_41,sell_3,481.69513968703933,24.6629687487664,2023-04-20
ord_697,1,prod_49,sell_11,282.7550748805881,40.30414334082029,2023-06-23
ord_249,1,prod_22,sell_11,50.8413070182133,9.198403496453459,2023-08-10
ord_254,1,prod_6,sell_16,328.5327440287352,28.43933164856986,2023-05-04
ord_587,1,prod_38,sell_14,302.08868018960516,42.637290603405155,2023-07-14
ord_897,1,prod_2,sell_8,449.9805789894589,42.35866533813071,2023-09-17
ord_970,1,prod_11,sell_6,333.52985079575,48.02597853540661,2023-09-28
ord_107,1,prod_6,sell_9,187.54516374154466,36.42226670887459,2023-06-03
ord_667,1,prod_48,sell_15,483.7883483387938,14.349678324787776,2023-06-18
ord_593,1,prod_25,sell_11,404.7773532713761,5.912614170256137,2023-05-25
ord_588,1,prod_32,sell_6,322.6004568230501,26.573710938219588,2023-12-18
ord_484,1,prod_36,sell_17,160.60409763349898,28.116673953015,2023-09-20
ord_981,1,prod_47,sell_14,199.29934223086184,15.811816302451916,2023-10-01
ord_971,1,prod_14,sell_5,341.5855635663952,10.611385120562144,2023-07-05
ord_257,1,prod_1,sell_11,54.550792862394424,31.379367478572902,2023-06-14
ord_638,1,prod_40,sell_10,143.20668399212647,39.39150533108636,2023-12-22
ord_996,1,prod_6,sell_19,362.67244803036704,49.69193466155723,2023-10-20
ord_902,1,prod_31,sell_2,250.40888472541803,39.12361777447333,2023-10-20
ord_281,1,prod_3,sell_1,213.14891111092646,40.71345864150114,2023-08-19
ord_985,1,prod_19,sell_5,92.69965875219896,32.74073952029589,2023-01-16
ord_87,1,prod_49,sell_4,232.08753654931166,49.3665196536508,2023-01-15
ord_203,1,prod_35,sell_17,389.93214596491225,33.798037330155665,2023-10-03
ord_15,1,prod_31,sell_15,146.72616611450866,43.71139788798669,2023-10-05
ord_150,1,prod_27,sell_7,22.591300248165158,47.560309080843005,2023-07-07
ord_935,1,prod_12,sell_19,340.88235255247173,46.84363252252524,2023-06-07
ord_253,1,prod_0,sell_10,486.86077012762524,22.163690470251044,2023-11-16
ord_187,1,prod_34,sell_9,311.27675052251976,8.53979262414164,2023-12-05
ord_328,1,prod_47,sell_11,77.56249228502247,12.734316614266106,2023-05-09
ord_543,1,prod_29,sell_5,173.95188432544307,7.665048742847336,2023-04-29
ord_782,1,prod_35,sell_19,436.4679750657072,9.7428620673113,2023-10-10
ord_996,1,prod_24,sell_4,131.6326756432777,13.309306065216393,2023-08-06
ord_396,1,prod_15,sell_8,311.69403367885184,20.34924424643308,2023-06-26
ord_516,1,prod_18,sell_15,213.28217996191896,29.459284095878413,2023-10-20
ord_458,1,prod_0,sell_13,119.76498628143153,37.02569267097887,2023-06-28
ord_329,1,prod_4,sell_7,410.43530891104626,14.491730124793037,2023-04-28
ord_819,1,prod_21,sell_19,376.5590127035313,35.26350819071627,2023-05-07
ord_844,1,prod_23,sell_18,337.5637116604474,36.69165835260888,2023-02-06
ord_168,1,prod_42,sell_13,133.4415633290006,30.138005158978526,2023-08-15
ord_692,1,prod_44,sell_6,66.97136130389602,45.66280414094198,2023-05-04
ord_365,1,prod_36,sell_4,296.55647831646377,9.994766626481479,2023-02-13
ord_177,1,prod_35,sell_17,285.765360098928,12.970465592108877,2023-09-30
ord_654,1,prod_35,sell_1,110.42480448073904,24.289917097526818,2023-08-26
ord_361,1,prod_3,sell_10,46.99841327128279,10.70207308554075,2023-01-23
ord_759,1,prod_35,sell_7,58.74005801311327,30.483326467583936,2023-06-03
ord_638,1,prod_17,sell_0,496.53007352611223,22.9280209974241,2023-06-03
ord_774,1,prod_49,sell_11,396.12026947658416,17.806810754116327,2023-05-11
ord_39,1,prod_15,sell_1,462.55398846328285,12.649541585793678,2023-11-03
ord_923,1,prod_40,sell_17,113.6262666734544,20.090220725669464,2023-12-31
ord_415,1,prod_17,sell_6,481.0728974352488,32.35817078745539,2023-08-31
ord_354,1,prod_21,sell_16,88.4740887071178,30.910334490023523,2023-05-20
ord_254,1,prod_1,sell_13,264.35927771190615,12.363080009460521,2023-06-05
ord_142,1,prod_20,sell_6,418.2539285201907,10.621391483328503,2023-08-29
ord_751,1,prod_35,sell_2,187.9056101655581,6.200454317399264,2023-08-17
ord_739,1,prod_43,sell_5,223.91769592491224,5.559151720726952,2023-07-27
ord_852,1,prod_38,sell_19,81.52885294356696,44.59146960738583,2023-09-18
ord_709,1,prod_46,sell_1,79.00250239950692,7.0289985202425465,2023-04-01
ord_576,1,prod_38,sell_16,317.3927478937566,37.904949944296085,2023-06-04
ord_899,1,prod_28,sell_11,344.2555369376272,44.239329331023065,2023-08-28
ord_10,1,prod_25,sell_11,393.1196067594528,9.41260318531059,2023-12-16
ord_619,1,prod_20,sell_16,287.20738528724166,24.633564072485793,2023-01-27
ord_25,1,prod_16,sell_9,329.9644602854268,48.30363424284245,2023-12-19
ord_956,1,prod_15,sell_2,26.488290415865627,42.53623972356133,2023-10-17
ord_420,1,prod_30,sell_19,97.84194902585027,27.036681433603476,2023-10-01
ord_662,1,prod_8,sell_17,492.7590876881142,39.31570007561988,2023-09-20
ord_220,1,prod_30,sell_12,56.47688303159926,42.50199309942487,2023-02-03
ord_852,1,prod_13,sell_11,345.81834668491757,20.661213343492367,2023-08-06
ord_495,1,prod_48,sell_16,104.5196638552238,45.14688125914824,2023-10-15
ord_236,1,prod_36,sell_3,364.0249211684681,26.171299385472054,2023-02-24
ord_236,1,prod_1,sell_9,358.8753934217568,28.751331360147347,2023-04-10
ord_218,1,prod_47,sell_10,132.4155486982833,49.986843701982394,2023-04-03
ord_486,1,prod_45,sell_5,149.424511625218,42.948633476847256,2023-02-18
ord_935,1,prod_13,sell_5,334.28994252900236,21.279650259784102,2023-10-10
ord_460,1,prod_32,sell_8,207.24129861450254,5.465551841271497,2023-06-25
ord_662,1,prod_34,sell_14,113.38302545595741,33.177833320725256,2023-07-13
ord_634,1,prod_38,sell_1,371.20620741799127,36.67610417576485,2023-12-24
ord_143,1,prod_46,sell_3,93.99081168144039,34.28612105645209,2023-07-08
ord_989,1,prod_19,sell_4,430.7089587895744,48.55380580234459,2023-01-08
ord_188,1,prod_1,sell_16,267.0413715448772,43.83369622994649,2023-07-15
ord_254,1,prod_40,sell_7,70.73628986206433,25.197426193129182,2023-05-03
ord_67,1,prod_18,sell_7,353.1547200948725,7.8285869362571425,2023-01-24
ord_615,1,prod_36,sell_11,269.1982589957794,26.42264462758986,2023-01-28
ord_335,1,prod_17,sell_7,163.06763446150856,36.01598089829104,2023-02-04
ord_670,1,prod_15,sell_18,222.81890250745033,32.346941370215205,2023-10-27
ord_820,1,prod_3,sell_2,163.2021169219994,29.216168046989818,2023-04-23
ord_873,1,prod_11,sell_17,146.25240115653634,26.09685311068586,2023-10-13
ord_408,1,prod_28,sell_18,98.53204200498185,18.219284286232384,2023-05-13
ord_299,1,prod_6,sell_18,194.12822390598842,17.480604277608315,2023-08-22
ord_907,1,prod_13,sell_14,140.47385903171397,27.510416551661084,2023-04-26
ord_601,1,prod_11,sell_5,348.0485537858802,12.227141589334206,2023-05-21
ord_356,1,prod_34,sell_15,348.26083575838703,20.33084406086607,2024-01-02
ord_255,1,prod_4,sell_7,260.8833164267064,19.57906736195448,2023-07-10
ord_352,1,prod_16,sell_15,393.4133731857541,31.42097607128904,2023-05-29
ord_731,1,prod_41,sell_17,423.8430651229031,8.000703516336106,2023-03-18
ord_520,1,prod_31,sell_19,298.2878995684511,42.33509061192928,2023-05-14
ord_523,1,prod_9,sell_15,317.0888781264482,30.307027117298095,2024-01-04
ord_836,1,prod_42,sell_10,155.78523669745528,35.18720063491709,2023-09-23
ord_949,1,prod_16,sell_6,449.5372163386495,36.63922566917448,2023-01-08
ord_755,1,prod_4,sell_16,31.618901322814317,18.11678615791414,2023-04-19
ord_693,1,prod_44,sell_16,187.3291853325659,26.166720532318994,2023-08-17
ord_283,1,prod_41,sell_11,366.4642023439309,48.03106801413502,2023-11-21
ord_311,1,prod_8,sell_12,58.44296464215739,39.50173570985667,2024-01-02
ord_98,1,prod_48,sell_9,107.92137316558046,48.63005938504334,2023-12-25
ord_196,1,prod_32,sell_6,302.85714937416856,38.58144553158297,2023-01-15
ord_481,1,prod_35,sell_13,288.79696230250784,12.902006286883283,2023-11-03
ord_877,1,prod_35,sell_0,374.6855821428584,7.904114773010431,2023-08-24
ord_225,1,prod_17,sell_16,410.05406676232246,30.994764652384863,2023-08-12
ord_844,1,prod_8,sell_3,81.71819768560118,21.10159758661743,2023-03-12
ord_614,1,prod_28,sell_4,28.822875092116185,17.395605956217658,2023-04-27
ord_617,1,prod_49,sell_19,351.0264894362749,41.32449483914379,2023-01-18
ord_364,1,prod_13,sell_6,164.66806196785242,21.51469701868763,2023-04-01
ord_367,1,prod_24,sell_9,320.4722786806177,19.26504363804368,2023-08-27
ord_569,1,prod_14,sell_16,92.26140226986786,43.249441692605465,2023-04-05
ord_589,1,prod_5,sell_6,245.13922239966217,43.08293014189071,2023-11-15
ord_74,1,prod_41,sell_0,262.1238781104497,21.036498698977546,2023-02-28
ord_41,1,prod_28,sell_6,300.8373518591437,42.46244154436848,2023-01-17
ord_421,1,prod_14,sell_10,266.3216078386709,43.28503206496972,2023-08-02
ord_835,1,prod_28,sell_8,257.93156970978265,24.07687407633498,2023-01-19
ord_180,1,prod_3,sell_11,179.71239391225066,7.99129085941272,2023-05-06
ord_544,1,prod_17,sell_2,54.16651343268139,5.071309000985305,2023-01-25
ord_70,1,prod_49,sell_3,62.96969446248431,28.548160830004775,2023-03-21
ord_567,1,prod_48,sell_3,228.21357171543377,20.48339720166601,2023-09-05
ord_104,1,prod_43,sell_12,190.78070135407665,49.87093523712647,2023-08-16
ord_199,1,prod_38,sell_18,267.74470624375897,39.75849498322779,2023-03-16
ord_100,1,prod_15,sell_9,166.32232124300813,39.25739553576856,2023-11-13
ord_767,1,prod_10,sell_4,350.1968438985557,47.985924572930465,2023-08-04
ord_306,1,prod_13,sell_6,434.69831456456507,44.94759790519944,2023-04-16
ord_585,1,prod_2,sell_15,163.45433061769648,19.31843657553749,2023-07-10
ord_682,1,prod_49,sell_0,112.63232381073372,12.469424972174437,2023-05-17
ord_376,1,prod_41,sell_11,75.76667564196278,38.5651519279467,2023-04-26
ord_654,1,prod_37,sell_1,315.80193947399,22.022325215729285,2023-05-17
ord_677,1,prod_44,sell_6,233.0508757474733,26.292769323393042,2023-01-25
ord_398,1,prod_41,sell_10,110.2475442542187,33.36789790736721,2023-01-29
ord_772,1,prod_17,sell_12,333.5056319800906,45.85427046208583,2023-08-20
ord_220,1,prod_19,sell_1,91.27192784253651,23.85894891519347,2023-06-08
ord_594,1,prod_47,sell_6,286.06433880701724,40.24926005987126,2023-10-25
ord_181,1,prod_24,sell_14,273.03122318012703,17.075290607359584,2023-08-23
ord_306,1,prod_37,sell_10,372.42934456932,36.408730591562616,2023-11-11
ord_521,1,prod_12,sell_1,46.45262717152004,5.071073948506034,2023-12-30
ord_395,1,prod_3,sell_6,446.17900728863856,44.21782460707856,2023-07-26
ord_3,1,prod_13,sell_3,357.43602855047334,6.367081097950813,2023-02-12
ord_862,1,prod_32,sell_10,123.74047920740587,37.07391896431629,2023-09-22
ord_913,1,prod_27,sell_1,108.03456733267504,7.081618516757775,2023-07-12
ord_847,1,prod_36,sell_15,227.19690278901604,16.981056472730153,2023-03-03
ord_999,1,prod_7,sell_6,412.43135818140655,27.37410816004489,2023-01-25
ord_803,1,prod_43,sell_12,424.6159967067714,23.89724084067072,2023-10-05
ord_280,1,prod_33,sell_4,269.81892422690385,13.632625157045476,2023-05-04
ord_214,1,prod_43,sell_16,433.189214089634,20.021671026915683,2023-03-17
ord_971,1,prod_4,sell_11,22.612980412011474,37.746786652743516,2023-01-09
ord_609,1,prod_4,sell_18,36.883823135166374,35.116569166084176,2023-08-14
ord_419,1,prod_30,sell_6,457.6743649456365,8.231656269376206,2023-01-19
ord_100,1,prod_44,sell_5,392.1593263452397,38.629212150779885,2023-01-08
ord_962,1,prod_8,sell_7,236.3389079601851,7.387064653866275,2023-08-09
ord_520,1,prod_41,sell_12,381.7328631094338,29.4316875094903,2023-08-22
ord_572,1,prod_31,sell_4,478.7069416272424,16.702823661898577,2023-12-07
ord_308,1,prod_32,sell_1,390.60297146301684,31.44605574019185,2023-07-10
ord_657,1,prod_2,sell_8,424.33824023279453,16.759777817340584,2023-03-01
ord_938,1,prod_29,sell_10,385.0911590672296,49.3231086331624,2023-09-16
ord_930,1,prod_49,sell_5,100.74132436809997,18.93776826773893,2023-01-29
ord_509,1,prod_11,sell_6,420.11557262995365,15.88822860535232,2023-06-16
ord_62,1,prod_28,sell_6,113.65223361162082,17.53093809119057,2023-06-12
ord_632,1,prod_2,sell_18,448.45343746119056,45.341278576668294,2023-03-28
ord_225,1,prod_25,sell_5,240.15195107891645,33.629847290120516,2023-06-13
ord_104,1,prod_29,sell_10,344.94884110929365,37.88078438393494,2023-07-12
ord_973,1,prod_8,sell_10,258.67560698270887,46.31047295424577,2023-03-06
ord_771,1,prod_25,sell_6,65.11564611996897,46.034261818025335,2023-11-06
ord_860,1,prod_1,sell_1,159.54670765791923,38.25256309604274,2023-11-20
ord_424,1,prod_2,sell_18,492.1912899185629,13.90209929785953,2023-08-04
ord_254,1,prod_45,sell_3,481.1430808015123,42.951799430375246,2023-06-06
ord_428,1,prod_3,sell_5,173.8337108746627,14.169921538597867,2023-04-24
ord_433,1,prod_24,sell_16,498.2224660377084,38.43044663442944,2023-03-22
ord_206,1,prod_12,sell_4,425.86457383851183,35.852137994519346,2023-02-04
ord_27,1,prod_38,sell_6,313.26055972748225,39.149998256320096,2023-11-15
ord_681,1,prod_43,sell_8,39.259817725284556,28.970855632121708,2023-05-02
ord_335,1,prod_34,sell_0,452.6944781784222,33.742678201214886,2023-12-27
ord_587,1,prod_22,sell_0,287.5660540468735,47.89940361954149,2023-07-16
ord_627,1,prod_8,sell_18,436.8685525773294,9.54898673783967,2023-01-24
ord_68,1,prod_1,sell_5,420.5259775547563,18.8981273651729,2023-06-27
ord_865,1,prod_40,sell_17,419.8429832965213,32.511065589427204,2023-08-21
ord_745,1,prod_43,sell_9,355.12345314315445,48.38243585591702,2023-12-21
ord_512,1,prod_30,sell_10,159.87926656450333,9.300850144817051,2023-07-07
ord_166,1,prod_43,sell_0,181.35692371736954,6.014714968853889,2023-04-28
ord_863,1,prod_46,sell_0,168.06522203968944,7.5087319311647605,2023-07-07
ord_729,1,prod_1,sell_12,29.622079775631054,7.358255890753947,2023-05-31
ord_784,1,prod_31,sell_4,299.6330764231094,45.8517135999832,2023-11-20
ord_367,1,prod_17,sell_19,355.44016181409575,37.45660585702211,2023-05-01
ord_250,1,prod_12,sell_0,429.8556768920977,35.46978647883252,2023-04-28
ord_858,1,prod_45,sell_19,87.27940802371057,28.51577691178143,2023-09-13
ord_855,1,prod_4,sell_2,281.20791150886487,40.18786776374684,2023-09-13
ord_930,1,prod_41,sell_17,23.843907523415773,12.004159674271586,2023-11-04
ord_685,1,prod_43,sell_8,65.64495090115015,22.637353540479683,2023-11-14
ord_169,1,prod_9,sell_13,46.02163721887667,27.050191284395456,2023-05-03
ord_757,1,prod_42,sell_16,368.22945632743375,9.968427395452682,2023-11-02
ord_934,1,prod_24,sell_13,58.90859066124952,23.878116920188262,2023-06-15
ord_89,1,prod_33,sell_3,363.8974311482192,19.242580066817915,2023-07-22
ord_560,1,prod_36,sell_4,139.81985811708,6.6011965607058185,2023-09-22
ord_445,1,prod_29,sell_16,441.30222113453095,11.153093122815585,2023-06-02
ord_293,1,prod_6,sell_1,410.31199441463076,39.38165704253623,2023-09-02
ord_918,1,prod_5,sell_4,479.75850438813274,5.811705927709,2023-02-21
ord_149,1,prod_2,sell_3,444.2057674198553,47.04139845933625,2023-07-22
ord_131,1,prod_12,sell_3,467.9981211758467,8.889108460125684,2023-02-21
ord_432,1,prod_2,sell_5,432.19635032638774,40.965714239155616,2023-03-24
ord_58,1,prod_25,sell_19,352.82331229513056,45.437744342456185,2023-05-09
ord_968,1,prod_23,sell_12,101.72439302020926,47.35110131827012,2023-03-21
ord_835,1,prod_5,sell_4,150.4196090499646,44.03646605731876,2023-12-30
ord_198,1,prod_42,sell_6,122.10894374253108,17.939751774144945,2023-05-22
ord_214,1,prod_48,sell_19,309.72117807593867,19.988920910231464,2023-04-05
ord_897,1,prod_41,sell_0,261.73757022732866,24.194556437453418,2023-11-26
ord_560,1,prod_11,sell_13,436.19839863604335,11.268351023319537,2023-03-07
ord_471,1,prod_48,sell_3,477.28297591955635,6.0022604780250735,2023-05-23
ord_743,1,prod_35,sell_16,214.33274701670928,44.110472642646556,2023-02-24
ord_246,1,prod_1,sell_13,263.0482655747899,29.935792229470536,2023-09-21
ord_381,1,prod_10,sell_15,486.3278512659868,32.39253239801974,2023-04-22
ord_990,1,prod_38,sell_13,152.59469197910892,46.71448136680079,2023-04-28
ord_238,1,prod_33,sell_15,400.34757217223057,34.930408015112704,2023-12-21
ord_926,1,prod_25,sell_19,128.1151531209182,36.08840769529161,2023-09-16
ord_366,1,prod_17,sell_7,347.1008554041305,40.4135891796534,2023-05-03
ord_167,1,prod_20,sell_2,141.7355012665108,10.23568024358317,2023-07-22
ord_559,1,prod_35,sell_18,444.1920266390657,21.20729689462062,2023-12-08
ord_50,1,prod_39,sell_0,289.5094129936049,48.56935674665148,2024-01-05
ord_810,1,prod_45,sell_1,109.2481476197046,46.5318535145273,2023-02-25
ord_609,1,prod_43,sell_14,127.69720433527328,44.783388333958314,2023-09-07
ord_950,1,prod_21,sell_9,257.04761393988815,25.343982965253762,2023-02-09
ord_727,1,prod_29,sell_17,481.56897227594186,43.57368291140626,2023-11-03
ord_688,1,prod_49,sell_13,389.42823866415415,7.177814687559453,2023-03-15
ord_379,1,prod_42,sell_16,254.38862855640565,11.683284091570286,2023-12-20
ord_473,1,prod_29,sell_12,182.1051893898642,23.628546431782436,2023-11-21
ord_79,1,prod_7,sell_0,283.64887680725246,26.752643000695688,2023-02-23
ord_696,1,prod_33,sell_4,379.21320004573744,16.85782190843856,2023-03-20
ord_366,1,prod_46,sell_12,396.285722457344,21.041450188150435,2023-07-16
ord_460,1,prod_8,sell_13,175.81222308653344,12.324924546141595,2023-09-23
ord_910,1,prod_19,sell_2,366.15644874266104,27.011031427215823,2023-12-27
ord_538,1,prod_39,sell_14,335.7386144173693,40.72294817905376,2023-03-16
ord_451,1,prod_24,sell_18,480.3739001582211,34.76121771475876,2023-04-05
ord_463,1,prod_18,sell_16,466.9233394438471,9.850651131449357,2023-09-22
ord_959,1,prod_4,sell_2,398.902076289717,26.941172152852225,2023-05-11
ord_477,1,prod_10,sell_15,367.22945065036566,36.39408722508762,2023-08-24
ord_925,1,prod_14,sell_13,151.5399630580524,28.845288344927354,2023-10-27
ord_419,1,prod_7,sell_11,426.063322927296,22.625401844099702,2023-05-14
ord_706,1,prod_18,sell_11,225.20273778241577,32.98614895777452,2023-10-12
ord_213,1,prod_22,sell_10,150.67546040290145,48.5887399385124,2023-11-14
ord_368,1,prod_26,sell_16,204.397163817662,9.27085593947351,2023-04-15
ord_853,1,prod_39,sell_7,421.2490352079238,22.55072273364023,2023-11-27
ord_113,1,prod_31,sell_16,91.3439434773848,23.297263387074302,2023-10-29
ord_753,1,prod_25,sell_19,238.95619573751478,30.963528971076695,2023-07-06
ord_502,1,prod_26,sell_10,256.3316453741551,11.847857084686305,2023-06-28
ord_635,1,prod_18,sell_1,37.58225484743331,12.948936344171129,2023-11-17
ord_816,1,prod_49,sell_9,113.95809418311936,17.84126236990346,2024-01-04
ord_587,1,prod_41,sell_9,416.8363657164111,48.01415194708338,2023-07-12
ord_310,1,prod_28,sell_10,418.7683465254851,38.034886155390616,2023-03-03
ord_468,1,prod_38,sell_5,160.35924026443902,34.77619857611764,2023-02-05
ord_823,1,prod_40,sell_3,439.9506726070046,41.7630959327418,2023-03-30
ord_707,1,prod_32,sell_11,390.45581075280694,10.740941101251183,2023-06-06
ord_862,1,prod_18,sell_10,220.59559222179652,43.66997688756882,2023-02-10
ord_43,1,prod_36,sell_12,379.2350453144182,31.767472124937683,2023-08-06
ord_414,1,prod_18,sell_4,481.440622973507,20.089805335652095,2024-01-04
ord_697,1,prod_32,sell_5,240.30546467136742,41.713486508556066,2023-04-21
ord_854,1,prod_46,sell_0,134.44504589767214,41.11540404568808,2023-12-13
ord_245,1,prod_15,sell_5,472.0719200240748,43.05688617725272,2023-08-13
ord_948,1,prod_22,sell_17,309.7972585103631,10.198305504814197,2023-06-17
ord_83,1,prod_6,sell_8,70.52727799060413,48.621256024809924,2023-08-13
ord_206,1,prod_25,sell_14,294.88775161121094,48.1831769205379,2023-10-02
ord_150,1,prod_31,sell_7,260.27882693518336,21.08613404757837,2023-05-05
ord_667,1,prod_11,sell_18,430.68266915627044,7.965230819536384,2023-12-07
ord_527,1,prod_7,sell_15,274.73369108649024,12.517505126095356,2023-07-06
ord_164,1,prod_4,sell_5,142.51156848525605,49.677387145011366,2023-04-21
ord_916,1,prod_41,sell_5,344.3091506551465,30.33558244272484,2023-08-10
ord_974,1,prod_27,sell_2,280.4362172170785,21.04798094717234,2023-07-29
ord_144,1,prod_4,sell_9,131.86142156809876,17.969121223251747,2023-03-16
ord_36,1,prod_48,sell_0,295.34137181259575,16.56462808899264,2023-02-18
ord_332,1,prod_25,sell_13,414.33707738704936,34.886874427451694,2023-11-30
ord_402,1,prod_4,sell_3,33.71404050752501,23.87245241838587,2023-11-02
ord_413,1,prod_21,sell_11,322.8084985496536,48.44348147158752,2023-08-21
ord_44,1,prod_14,sell_5,187.80089397650818,35.77293637904127,2023-07-08
ord_401,1,prod_12,sell_10,160.4822939645236,40.642006597203256,2023-04-22
ord_205,1,prod_27,sell_11,208.44212017333342,18.173369686242197,2023-03-30
ord_61,1,prod_32,sell_9,184.1708788390312,8.563388409888162,2023-12-09
ord_419,1,prod_42,sell_17,419.47477122005193,26.952027682184646,2023-09-12
ord_867,1,prod_22,sell_6,151.90294916859227,19.156169594580227,2024-01-03
ord_467,1,prod_32,sell_6,371.913451091161,14.093742425356565,2023-01-26
ord_819,1,prod_42,sell_10,65.14871370972259,47.868895886038764,2023-07-20
ord_18,1,prod_17,sell_3,476.67025879251946,24.97946964539136,2023-07-02
ord_364,1,prod_49,sell_19,318.71198587930485,12.861886642195355,2023-01-12
ord_299,1,prod_29,sell_0,359.22491698138884,13.93927937065126,2023-03-16
ord_6,1,prod_25,sell_12,163.05887940533648,17.63193841090673,2023-05-12
ord_760,1,prod_15,sell_17,217.80635297989502,49.969232068537075,2023-06-14
ord_427,1,prod_12,sell_8,127.41362541006859,17.06051752338188,2023-09-10
ord_116,1,prod_38,sell_8,467.61732118506745,19.796081206030415,2023-07-27
ord_579,1,prod_32,sell_8,254.29013460866128,34.66976575928007,2023-06-02
ord_506,1,prod_25,sell_9,322.6150955158352,18.228261938463422,2023-05-28
ord_545,1,prod_47,sell_1,372.45057465474343,14.711191297686202,2023-07-23
ord_705,1,prod_0,sell_5,198.1309237277787,12.13867339923194,2023-06-08
ord_324,1,prod_48,sell_14,365.6487941787878,19.070719926250646,2023-05-27
ord_54,1,prod_37,sell_2,344.4763950830433,9.766206033294807,2023-11-14
ord_777,1,prod_1,sell_10,358.71648025949435,5.83909638866523,2023-06-19
ord_991,1,prod_48,sell_5,254.83035209821418,41.208876380060474,2023-11-15
ord_41,1,prod_5,sell_2,203.8099434999762,11.205272408655945,2023-01-26
ord_296,1,prod_45,sell_10,126.59945034031512,39.9189582416859,2023-03-28
ord_972,1,prod_49,sell_14,415.8206493444286,40.889411554399686,2023-03-15
ord_230,1,prod_37,sell_12,312.00802233520574,29.20637868481594,2023-05-16
ord_452,1,prod_41,sell_19,233.2890541267976,18.935688124082816,2023-04-02
ord_889,1,prod_23,sell_9,473.11803522109346,11.52647301874498,2023-08-11
ord_393,1,prod_17,sell_5,42.96263000337863,38.15622980244496,2023-11-06
ord_521,1,prod_26,sell_14,428.0825336984228,32.062414369180374,2023-12-16
ord_357,1,prod_40,sell_17,498.83964461406674,34.495405542210385,2023-12-12
ord_986,1,prod_7,sell_17,445.73221322377634,5.390109043030897,2023-06-15
ord_443,1,prod_27,sell_6,409.00956109550015,46.738265706852104,2023-07-02
ord_127,1,prod_9,sell_14,199.66687683503582,7.983058435094761,2023-05-02
ord_690,1,prod_16,sell_17,131.03080748590088,21.506264831300257,2023-07-20
ord_404,1,prod_28,sell_17,372.72824983980854,23.12202423432651,2023-11-28
ord_391,1,prod_5,sell_19,166.19617581851284,5.0609986024076985,2023-04-01
ord_192,1,prod_13,sell_8,104.49904743438593,27.36901892078587,2023-10-21
ord_603,1,prod_21,sell_1,397.5324258097238,38.87640475299545,2023-03-27
ord_880,1,prod_5,sell_7,170.02095307362666,42.04708939016475,2023-06-06
ord_742,1,prod_25,sell_19,458.9320301539224,44.572864698764796,2023-03-07
ord_77,1,prod_38,sell_1,423.5036695131801,26.947349074191628,2023-03-07
ord_84,1,prod_11,sell_10,426.86735816444246,33.37862857383427,2023-12-25
ord_29,1,prod_34,sell_6,390.35346850679656,8.578387098342445,2023-02-02
ord_724,1,prod_13,sell_5,442.8230834118736,26.961720092678746,2023-02-17
ord_48,1,prod_21,sell_9,406.75850824549764,11.966708969228087,2023-06-23
ord_776,1,prod_22,sell_4,309.20545451586975,21.633940293013467,2023-04-01
ord_144,1,prod_47,sell_10,161.9949049192943,19.81873907890697,2023-07-01
ord_68,1,prod_6,sell_0,446.34041274279156,24.059325975867868,2023-01-22
ord_57,1,prod_39,sell_1,423.48973893113214,30.723647808835967,2023-04-13
ord_696,1,prod_49,sell_0,246.98207466106163,45.62944911783482,2023-07-22
ord_573,1,prod_24,sell_18,38.75776928093849,22.75180841063774,2023-04-13
ord_478,1,prod_12,sell_1,326.50098915291846,49.15090380701978,2023-03-11
ord_819,1,prod_20,sell_19,44.28648976475923,39.15626216230413,2023-12-01
ord_444,1,prod_40,sell_3,464.61438168723544,28.016647105477247,2023-12-12
ord_295,1,prod_9,sell_11,481.5830031801474,33.98118967003748,2023-01-10
ord_677,1,prod_8,sell_19,110.95527003181003,9.600087700937502,2023-01-07
ord_170,1,prod_14,sell_17,344.66690146635676,43.00346890911447,2023-01-27
ord_574,1,prod_1,sell_0,64.28912219012614,31.206085477878464,2023-04-27
ord_146,1,prod_24,sell_0,370.1681257150986,49.37303660943208,2023-03-03
ord_483,1,prod_12,sell_13,186.6980797532838,33.63929346887821,2023-03-12
ord_305,1,prod_33,sell_3,346.9040536306137,42.53502124698463,2023-12-01
ord_672,1,prod_33,sell_4,198.98072441704537,40.98932342578579,2023-04-13
ord_652,1,prod_34,sell_10,89.87240471995315,20.545751816072098,2023-05-29
ord_845,1,prod_37,sell_12,214.93279064122777,16.682478135494524,2023-05-10
ord_608,1,prod_2,sell_15,74.08329278469921,24.37221125441795,2023-06-21
ord_445,1,prod_41,sell_12,296.90397198893396,26.02586049839767,2023-04-01
ord_220,1,prod_5,sell_1,39.65673543175029,15.803811587148974,2023-03-22
ord_554,1,prod_47,sell_15,273.11344620793267,45.256904300793735,2023-12-15
ord_944,1,prod_48,sell_5,445.4569506058596,29.41465380352907,2023-10-26
ord_803,1,prod_18,sell_13,422.1791696572941,49.02999764691063,2023-03-05
ord_377,1,prod_2,sell_0,443.73521582071845,41.45080001208185,2023-05-23
ord_619,1,prod_17,sell_16,462.58342502101146,30.00671871763757,2023-04-14
ord_265,1,prod_38,sell_10,70.17338618033322,47.61681251649616,2023-07-16
ord_94,1,prod_8,sell_18,81.79865738034226,27.719366679288818,2023-09-05
ord_261,1,prod_11,sell_2,287.3632670303017,44.91979306334017,2023-11-20
ord_824,1,prod_4,sell_10,449.10688084372606,21.116515153811246,2023-02-23
ord_896,1,prod_2,sell_4,487.6877391315347,22.038907253184234,2023-02-06
ord_70,1,prod_10,sell_16,42.205720323199984,23.815880733691902,2023-10-09
ord_953,1,prod_29,sell_6,190.77156041631687,29.598154067446075,2023-01-25
ord_218,1,prod_3,sell_9,122.18924223679686,29.90706215894708,2023-06-08
ord_532,1,prod_4,sell_10,382.86360748699906,27.33795147546879,2023-03-14
ord_91,1,prod_0,sell_2,327.29305689777533,18.770043811242537,2023-08-07
ord_126,1,prod_26,sell_19,77.5462551122458,46.724290915587396,2023-05-28
ord_79,1,prod_27,sell_9,252.09059233518633,31.48637438071644,2023-08-25
ord_823,1,prod_28,sell_9,349.0114507382199,23.34826472862177,2023-08-06
ord_237,1,prod_17,sell_13,393.92258908353807,34.30296323346282,2023-03-25
ord_982,1,prod_11,sell_11,29.625300696324093,39.55850410144123,2023-08-07
ord_371,1,prod_12,sell_14,447.42539551226713,48.23276397027094,2023-05-01
ord_915,1,prod_40,sell_9,293.2550638162517,27.479712302041218,2023-04-07
ord_485,1,prod_1,sell_9,409.71637518075426,10.044432965784146,2023-10-02
ord_693,1,prod_36,sell_18,407.8102544068561,24.83446106464436,2023-06-22
ord_24,1,prod_44,sell_0,111.12927693006519,26.553675265406213,2023-03-04
ord_155,1,prod_15,sell_9,72.88261772174388,45.36473351835532,2023-10-16
ord_516,1,prod_47,sell_1,366.2178891074368,22.76603458083289,2023-01-31
ord_631,1,prod_23,sell_16,95.08492103437716,47.89959191992123,2023-03-12
ord_788,1,prod_34,sell_6,427.9699958742674,26.830935847145064,2023-09-10
ord_529,1,prod_21,sell_6,368.57095225381045,48.8201225440518,2023-09-16
ord_942,1,prod_35,sell_19,424.076174895326,5.3689244508932985,2023-02-18
ord_709,1,prod_10,sell_8,163.52608621248612,45.4466918662856,2023-04-12
ord_56,1,prod_45,sell_1,171.96706899707314,46.90042033745078,2023-02-16
ord_604,1,prod_28,sell_13,342.18634704623247,48.2459421094346,2023-08-20
ord_18,1,prod_34,sell_16,35.094058428294815,5.588444037857668,2023-09-24
ord_383,1,prod_47,sell_0,368.7184382419629,12.726537644763905,2023-06-21
ord_864,1,prod_14,sell_8,421.1758740102086,34.419402639195624,2023-10-11
ord_192,1,prod_30,sell_19,219.27852156996994,6.146271128079821,2023-04-04
ord_236,1,prod_41,sell_18,387.141838442465,7.862404827942533,2023-07-02
ord_386,1,prod_40,sell_3,103.81324015148573,14.948549316204886,2023-07-21
ord_425,1,prod_42,sell_7,174.68498903335265,28.05978959347479,2023-11-08
ord_276,1,prod_15,sell_12,487.6663822930292,29.56561516700634,2023-09-29
ord_226,1,prod_9,sell_3,493.4375233088606,6.5417505257076956,2023-09-30
ord_744,1,prod_48,sell_8,266.05042545036224,12.666526285168901,2023-03-20
ord_551,1,prod_31,sell_8,468.44949990266093,27.48675530005949,2023-01-13
ord_322,1,prod_1,sell_17,270.9107254672902,31.727327942453236,2023-10-29
ord_152,1,prod_23,sell_11,159.9623015173555,11.678076341879692,2023-06-18
ord_638,1,prod_22,sell_9,148.11165828741048,22.947863537613678,2023-03-31
ord_236,1,prod_1,sell_10,466.16273857671143,45.69806464326285,2023-03-18
ord_997,1,prod_37,sell_6,102.77426670745237,49.950467917077745,2023-03-01
ord_54,1,prod_30,sell_8,298.22357993687274,49.42465046740136,2023-02-21
ord_979,1,prod_39,sell_5,286.6520326701054,44.67535296290926,2023-08-31
ord_435,1,prod_25,sell_18,375.01840863343756,22.75970395774756,2023-04-19
ord_683,1,prod_28,sell_15,259.63659561189183,35.89584314336528,2023-08-03
ord_108,1,prod_2,sell_14,150.6971171399044,23.74665025028894,2023-02-16
ord_865,1,prod_13,sell_6,101.3103198231577,34.18371620708913,2023-11-17
ord_980,1,prod_24,sell_15,317.9930256828281,18.924461193626748,2023-09-30
ord_183,1,prod_47,sell_4,365.1155632895519,32.27910141246494,2023-09-25
ord_950,1,prod_0,sell_15,293.3702137673757,28.569132344878245,2023-12-07
ord_367,1,prod_2,sell_0,374.40861301817347,6.101611961593997,2024-01-05
ord_982,1,prod_25,sell_18,87.93017717598087,40.581630668575116,2023-09-21
ord_197,1,prod_17,sell_4,443.58569357270505,5.535402451032002,2023-10-15
ord_370,1,prod_8,sell_6,299.5498440360815,18.19201740139858,2023-04-29
ord_372,1,prod_37,sell_18,80.88508490844663,5.266582945430106,2024-01-03
ord_972,1,prod_22,sell_4,241.7240980187528,21.929063598283918,2023-02-14
ord_496,1,prod_20,sell_16,425.5000341756375,7.842223767386269,2023-08-13
ord_598,1,prod_0,sell_7,450.82985285751687,46.10799350740586,2023-05-14
ord_200,1,prod_20,sell_0,147.03176239940552,23.705568282329086,2023-01-13
ord_848,1,prod_26,sell_1,361.40759586101746,25.677309868898455,2023-04-16
ord_508,1,prod_41,sell_14,67.9929187922128,20.74326062408847,2023-06-30
ord_321,1,prod_5,sell_19,36.102018277835754,33.23777693907948,2023-04-22
ord_274,1,prod_43,sell_17,288.9914978335725,40.29836524781917,2023-04-16
ord_210,1,prod_35,sell_10,353.51723807750045,34.166603437204,2023-09-22
ord_503,1,prod_27,sell_9,401.97763096472096,38.66932032778074,2023-09-08
ord_902,1,prod_44,sell_3,183.30379445856065,45.76881485791672,2023-10-07
ord_117,1,prod_16,sell_4,23.132197005865756,43.85959392521429,2023-02-06
ord_702,1,prod_39,sell_3,250.16923381344984,35.33263037391631,2023-05-22
ord_553,1,prod_2,sell_12,27.60970177931215,14.658708330699287,2023-01-17
ord_41,1,prod_11,sell_12,64.15256512198397,33.6966282968868,2023-11-03
ord_314,1,prod_38,sell_17,176.81073081523922,27.77373930832299,2023-01-21
ord_787,1,prod_11,sell_1,229.84258378888507,37.2748653954689,2023-05-14
ord_328,1,prod_1,sell_15,154.1453317902313,42.48192417768117,2023-03-09
ord_16,1,prod_45,sell_0,299.29532792225973,38.422467373388784,2023-04-24
ord_282,1,prod_21,sell_18,46.56789882468569,43.09525264825784,2023-01-26
ord_942,1,prod_22,sell_8,89.39826091500066,7.873986800346073,2023-06-12
ord_257,1,prod_29,sell_2,353.7240323626081,6.4229017206858785,2023-10-01
ord_574,1,prod_4,sell_6,88.22760972700051,16.63252554648173,2023-06-16
ord_573,1,prod_8,sell_9,327.09209675380276,45.52997378488828,2023-09-22
ord_611,1,prod_20,sell_0,46.248617961615466,42.06466629427882,2023-04-17
ord_18,1,prod_10,sell_9,215.54349397718738,35.72272840078902,2023-08-16
ord_528,1,prod_4,sell_8,105.15654565816753,36.534140034787214,2023-03-05
ord_836,1,prod_34,sell_14,72.62541561688948,37.700171116619565,2023-09-09
ord_422,1,prod_26,sell_14,292.1757360805892,47.41712152181361,2023-05-13
ord_465,1,prod_48,sell_2,465.6011705626985,42.44860185384009,2023-10-15
ord_372,1,prod_1,sell_4,46.29778300330344,33.05256741621714,2023-11-26
ord_757,1,prod_23,sell_8,222.34603914465643,34.95719458657132,2023-01-30
ord_762,1,prod_30,sell_8,359.617010117813,14.618311792750488,2023-05-16
ord_966,1,prod_32,sell_6,242.09015921015697,34.57934713203226,2023-12-24
ord_80,1,prod_38,sell_11,407.1180541305177,24.110555558830633,2023-07-20
ord_550,1,prod_29,sell_8,106.22975161478321,11.883284177258467,2023-10-13
ord_547,1,prod_45,sell_5,480.60521841331547,41.288126866095844,2023-06-08
ord_423,1,prod_36,sell_1,204.87806133081943,27.961119491141552,2023-05-18
ord_428,1,prod_27,sell_8,183.95342381325204,48.98412687602397,2023-08-20
ord_387,1,prod_30,sell_16,439.8107813615196,17.675570951353624,2023-07-13
ord_997,1,prod_10,sell_0,290.656175308048,26.63015505372845,2023-09-27
ord_920,1,prod_22,sell_18,267.8932841133543,25.159795460099065,2023-05-19
ord_708,1,prod_1,sell_5,368.9494013736469,10.435078509466042,2023-08-04
ord_669,1,prod_39,sell_4,298.32043437492337,24.175187547385075,2023-03-06
ord_203,1,prod_40,sell_1,98.00750948341536,17.93990553894162,2024-01-04
ord_195,1,prod_26,sell_8,343.61485897516627,12.214421211512047,2024-01-04
ord_727,1,prod_34,sell_13,84.06506205542166,17.697001281626267,2023-08-06
ord_284,1,prod_1,sell_3,406.8116985603497,15.49632610698764,2023-08-09
ord_968,1,prod_38,sell_3,495.07356690189005,38.03330889526451,2023-08-19
ord_195,1,prod_36,sell_14,201.1460599878926,6.384883021662205,2023-05-16
ord_306,1,prod_20,sell_7,233.482831136966,32.78582365609496,2023-03-22
ord_663,1,prod_4,sell_3,42.288154631749904,39.22976039106229,2023-10-18
ord_13,1,prod_44,sell_15,26.591930279637577,26.632555541103795,2023-10-09
ord_836,1,prod_20,sell_3,462.28128074063727,46.92042410035633,2023-06-10
ord_145,1,prod_28,sell_15,81.73954901081218,36.85463128564409,2023-09-10
ord_937,1,prod_19,sell_11,233.97379882854577,38.656564309013774,2023-08-11
ord_56,1,prod_37,sell_15,411.3702194506695,13.862006934839162,2023-07-14
ord_722,1,prod_19,sell_18,446.8730047655934,39.97830091275831,2023-06-17
ord_779,1,prod_49,sell_7,269.31088893606443,42.44426312374017,2023-07-04
ord_209,1,prod_24,sell_5,291.2156119884559,21.25698747826953,2023-02-08
ord_528,1,prod_1,sell_9,341.4483067823708,14.601338061483705,2023-02-15
ord_797,1,prod_31,sell_4,481.46358566898334,22.327280564162752,2023-11-08
ord_343,1,prod_25,sell_17,309.28158125336245,38.28235860500617,2023-12-09
ord_714,1,prod_5,sell_9,288.54812453904617,23.793755264091622,2023-11-15
ord_610,1,prod_40,sell_9,26.976384927675525,38.14933438511546,2023-03-21
ord_278,1,prod_2,sell_6,58.85585697073091,10.110404343989195,2023-10-11
ord_208,1,prod_32,sell_17,297.04238077951817,41.2705269719818,2023-06-30
ord_640,1,prod_0,sell_0,469.39538614745754,16.394336673906082,2023-06-04
ord_334,1,prod_4,sell_6,436.01184723170957,16.201804447156718,2023-10-05
ord_287,1,prod_12,sell_0,491.63788303625824,31.567143434173733,2023-11-26
ord_251,1,prod_18,sell_14,273.36033802941154,8.155312058614534,2023-04-23
ord_264,1,prod_11,sell_3,398.20685045012806,6.183397700810085,2023-05-24
ord_270,1,prod_47,sell_19,423.39215911488344,16.746289938205216,2023-12-21
ord_923,1,prod_24,sell_9,331.05519551881366,29.21303978306702,2023-10-03
ord_919,1,prod_34,sell_8,182.59995402296346,45.842737380135226,2023-12-18
ord_699,1,prod_11,sell_1,245.58964863574133,43.08958293382881,2023-10-21
ord_418,1,prod_29,sell_13,431.8001946769125,27.070090696443895,2023-08-05
ord_725,1,prod_4,sell_15,163.3030044714387,6.667339716207175,2023-10-04
ord_794,1,prod_33,sell_0,463.3967030079913,29.08637305831891,2023-03-12
ord_210,1,prod_21,sell_1,130.30704388287924,36.7158019966383,2023-09-10
ord_364,1,prod_38,sell_6,379.76787927525476,20.262403963626518,2023-06-10
ord_75,1,prod_12,sell_9,322.6684324859544,9.997848647674463,2023-02-21
ord_659,1,prod_46,sell_19,379.80773173796587,17.535557894254673,2023-07-25
ord_320,1,prod_2,sell_0,229.92683476764552,39.721498901051625,2023-06-02
ord_724,1,prod_19,sell_12,467.6677100259126,20.805972452749778,2023-05-09
ord_432,1,prod_30,sell_0,323.58665715750914,41.539167080856956,2023-01-06
ord_108,1,prod_4,sell_4,158.38198618604304,19.37846533133641,2023-09-09
ord_640,1,prod_23,sell_15,326.45843391302895,12.359976728621817,2023-12-14
ord_521,1,prod_39,sell_14,157.67155865937497,24.61317617811237,2023-05-13
ord_46,1,prod_32,sell_16,160.94354804473963,25.352353053011253,2023-07-15
ord_378,1,prod_7,sell_15,211.8072855780166,5.724869834720164,2023-03-13
ord_826,1,prod_23,sell_12,429.1666004331771,10.267028271784676,2023-01-09
ord_95,1,prod_49,sell_10,260.14297970911616,13.321670844776785,2023-11-04
ord_957,1,prod_19,sell_16,345.87240427049954,10.111429282040369,2023-10-26
ord_102,1,prod_15,sell_16,208.14451533174224,20.368673393961373,2023-05-28
ord_891,1,prod_49,sell_1,146.5306111073031,48.40802850276581,2023-07-15
ord_853,1,prod_11,sell_12,478.22727714379107,27.915014224718508,2023-01-26
ord_145,1,prod_12,sell_13,309.71899861907,33.24002107417909,2023-08-20
ord_879,1,prod_44,sell_10,468.2966425197048,21.03739153353627,2023-11-14
ord_941,1,prod_41,sell_9,117.63824105519122,19.556949273941573,2023-05-02
ord_927,1,prod_38,sell_2,90.50919867820772,6.041604736175376,2023-11-03
ord_26,1,prod_24,sell_16,430.79499541947376,27.515014505421007,2023-05-27
ord_731,1,prod_45,sell_14,346.8402620562807,26.762405303824984,2023-02-13
ord_529,1,prod_31,sell_8,109.55767964174784,12.102382678150537,2023-12-26
ord_678,1,prod_23,sell_9,149.29265631849813,39.39458000930166,2023-09-14
ord_944,1,prod_47,sell_7,404.31869193214936,27.170344863995133,2023-12-04
ord_988,1,prod_46,sell_12,237.8569375980493,20.254728657270796,2023-07-31
ord_81,1,prod_43,sell_17,341.8594431229236,11.610900906031713,2023-08-03
ord_427,1,prod_8,sell_4,172.8089706252852,29.84723721369556,2023-04-30
ord_583,1,prod_39,sell_5,202.9903773319408,38.87676617399644,2023-08-18
ord_821,1,prod_49,sell_16,495.5420281390904,17.689970870823725,2023-05-19
ord_478,1,prod_22,sell_10,138.85620184386488,14.845745820952516,2023-09-13
ord_765,1,prod_49,sell_19,263.09906097752673,28.48707338290596,2023-08-12
ord_161,1,prod_12,sell_15,425.31312473145545,11.990448612950761,2023-04-06
ord_838,1,prod_31,sell_8,134.82714255961184,34.99760239674282,2023-12-25
ord_931,1,prod_49,sell_1,219.30260320847873,32.240463257490376,2023-02-20
ord_401,1,prod_14,sell_4,315.2438179375944,8.918692231614287,2023-02-12
ord_507,1,prod_35,sell_0,250.97031270804922,6.643417072161824,2023-05-27
ord_37,1,prod_48,sell_3,240.56108795375238,32.91298936648632,2023-04-15
ord_954,1,prod_4,sell_3,194.00467103461932,18.243219829493334,2023-11-29
ord_510,1,prod_21,sell_2,301.59023733196403,8.890058892802934,2023-07-14
ord_392,1,prod_15,sell_8,319.69889500333295,39.17429172304189,2023-02-09
ord_712,1,prod_40,sell_11,333.57897963265407,19.131980135793988,2023-06-01
ord_493,1,prod_9,sell_9,53.77669179489408,25.681979733720063,2023-02-04
ord_199,1,prod_23,sell_1,322.89640434178347,15.656581735419616,2023-12-05
ord_254,1,prod_17,sell_10,477.55384581499175,33.229268526108406,2023-03-30
ord_178,1,prod_48,sell_9,279.67339305348014,18.566978690946176,2023-10-13
ord_546,1,prod_17,sell_5,363.32819960443726,48.560943255243274,2023-12-15
ord_593,1,prod_6,sell_17,287.23150772442455,36.63263968776079,2023-10-02
ord_388,1,prod_3,sell_1,430.27549692414976,11.15250243680596,2023-06-08
ord_397,1,prod_25,sell_1,466.1998854068331,23.751267785306005,2023-04-17
ord_731,1,prod_4,sell_9,108.42555166225246,22.343949487844537,2023-08-08
